SYMBOL,SECURITY,HI_52_WK,LO_52_WK
ACC,ACC LIMITED,1736.4,1174
ADANIPORTS,ADANI PORT & SEZ LTD,324.7,169.15
AMBUJACEM,AMBUJA CEMENTS LTD,281.7,185
ASIANPAINT,ASIAN PAINTS LIMITED,1227.3,784.25
AUROPHARMA,AUROBINDO PHARMA LTD,895,582
AXISBANK,AXIS BANK LIMITED,638.3,366.75
BAJAJ-AUTO,BAJAJ AUTO LIMITED,3120,2171.95
BANKBARODA,BANK OF BARODA,182.5,109.35
BHARTIARTL,BHARTI AIRTEL LIMITED,385,282.3
BHEL,BHEL,219.7,90.15
BOSCHLTD,BOSCH LIMITED,25670.85,15736.05
BPCL,BHARAT PETROLEUM CORP  LT,1156,543.6
CIPLA,CIPLA LTD,704.9,457.45
COALINDIA,COAL INDIA LTD,349.95,271.65
DRREDDY,DR. REDDY'S LABORATORIES,4386.6,2750.05
EICHERMOT,EICHER MOTORS LTD,26641.3,14800
GAIL,GAIL (INDIA) LTD,448.95,276.15
GRASIM,GRASIM INDUSTRIES LTD,5361.05,967.15
HCLTECH,HCL TECHNOLOGIES LTD,889.9,706.4
HDFC,HDFC LTD,1464,1011.45
HDFCBANK,HDFC BANK LTD,1318.45,928
HEROMOTOCO,HERO MOTOCORP LIMITED,3740,2377.15
HINDALCO,HINDALCO  INDUSTRIES  LTD,164.7,58.8
HINDUNILVR,HINDUSTAN UNILEVER LTD.,954,766.4
ICICIBANK,ICICI BANK LTD.,289.9,180.75
IDEA,IDEA CELLULAR LIMITED,153.5,71.1
INDUSINDBK,INDUSIND BANK LIMITED,1256.05,799
INFRATEL,BHARTI INFRATEL LTD.,436.5,301.5
INFY,INFOSYS LIMITED,1279.3,996.25
ITC,ITC LTD,371.7,235.65
KOTAKBANK,KOTAK MAHINDRA BANK LTD,825.4,585.75
LT,LARSEN & TOUBRO LTD.,1615,1016.05
LUPIN,LUPIN LIMITED,2104,1280
M&M,MAHINDRA & MAHINDRA LTD,1508.95,1091.25
MARUTI,MARUTI SUZUKI INDIA LTD.,5767,3193.25
NTPC,NTPC LTD,170,116.9
ONGC,OIL AND NATURAL GAS CORP.,283.15,187.75
POWERGRID,POWER GRID CORP. LTD.,187.7,126.2
RELIANCE,RELIANCE INDUSTRIES LTD,1129.55,888.1
SBIN,STATE BANK OF INDIA,271.6,148.25
SUNPHARMA,SUN PHARMACEUTICALS IND.,913.1,704
TATAMOTORS,TATA MOTORS LIMITED,598.4,265.8
TATAMTRDVR,TATA MOTORS DVR 'A' ORD,378.15,210.1
TATAPOWER,TATA POWER CO LTD,84,55
TATASTEEL,TATA STEEL LIMITED,431.9,211.15
TCS,TATA CONSULTANCY SERV LT,2744.8,2115
TECHM,TECH MAHINDRA LIMITED,568.5,405.5
ULTRACEMCO,ULTRATECH CEMENT LIMITED,4129.7,2579
WIPRO,WIPRO LTD,607,470
YESBANK,YES BANK LIMITED,1449,631.55
ZEEL,ZEE ENTERTAINMENT ENT LTD,589.9,350.1
ABB,ABB INDIA LIMITED,1434,955.2
APOLLOHOSP,APOLLO HOSPITALS ENTER. L,1544.9,1213
ASHOKLEY,ASHOK LEYLAND LTD,112.9,75.05
BAJAJFINSV,BAJAJ FINSERV LTD.,3445,1551.25
BAJFINANCE,BAJAJ FINANCE LIMITED,11770,1011.2
BEL,BHARAT ELECTRONICS LTD,1416.85,1008
BHARATFORG,BHARAT FORGE LTD,978,682
BRITANNIA,BRITANNIA INDUSTRIES LTD,3584.25,2505.05
CADILAHC,CADILA HEALTHCARE LIMITED,453.3,295
CAIRN,CAIRN INDIA LIMITED,236.6,106.5
CASTROLIND,CASTROL INDIA LIMITED,495.3,360.85
COLPAL,COLGATE PALMOLIVE LTD.,1033,787.2
CONCOR,CONTAINER CORP OF IND LTD,1540,1051
CUMMINSIND,CUMMINS INDIA LTD,1109.1,746.15
DABUR,DABUR INDIA LTD,320,231.5
DIVISLAB,DIVI'S LABORATORIES LTD,1381.6,917.8
DLF,DLF LIMITED,169.6,72.35
EMAMILTD,EMAMI LIMITED,1248,901
GLAXO,GLAXOSMITHKLINE PHARMA LT,3872,2752
GLENMARK,GLENMARK PHARMACEUTICALS,1047.95,671.1
GODREJCP,GODREJ CONSUMER PRODUCTS,1715,1118.8
GSKCONS,GLAXOSMITHKLINE CONSUMER,6800,5405
HINDPETRO,HINDUSTAN PETROLEUM CORP,1328,389.5
HINDZINC,HINDUSTAN ZINC LIMITED,262.5,135.8
IBULHSGFIN,INDIABULLS HSG FIN LTD,891,551.1
INDIGO,INTERGLOBE AVIATION LTD,1394.85,698.35
IOC,INDIAN OIL CORP LTD,666.6,317.4
JSWSTEEL,JSW STEEL LIMITED,1885.95,856.1
LICHSGFIN,LIC HOUSING FINANCE LTD,624.25,388.65
MARICO,MARICO LIMITED,468.6,207.3
MCDOWELL-N,UNITED SPIRITS LIMITED,3644.25,2118
MOTHERSUMI,MOTHERSON SUMI SYSTEMS LT,358.65,205.9
NHPC,NHPC LTD,28.3,17.15
NMDC,NMDC LTD.,126.45,75.15
OFSS,ORACLE FIN SERV SOFT LTD.,4070,3100
OIL,OIL INDIA LTD,449,300.35
PEL,PIRAMAL ENTERPRISES LTD,2097,832.25
PFC,POWER FIN CORP LTD.,256.75,112.2
PGHH,P&G HYGIENE & HEALTH CARE,7252,5178.65
PIDILITIND,PIDILITE INDUSTRIES LTD,769.3,520.3
PNB,PUNJAB NATIONAL BANK,150.55,69.25
SAIL,STEEL AUTHORITY OF INDIA,56.9,33.5
SHREECEM,SHREE CEMENTS LTD,18490,9399.95
SIEMENS,SIEMENS LTD,1396.4,968.6
SRTRANSFIN,SHRIRAM TRANSPORT FIN CO.,1324.4,736.95
TITAN,TITAN COMPANY LIMITED,444.5,301.7
TORNTPHARM,TORRENT PHARMACEUTICALS L,1769.5,1189
UBL,UNITED BREWERIES LTD,1014.95,690
UPL,UPL LIMITED,722.2,367.25
VEDL,VEDANTA LIMITED,208.55,58.15
 , , , 
 ,COMPULSORY ROLLING STOCKS, , 
20MICRONS,20 MICRONS LTD,45,25
3IINFOTECH,3I INFOTECH LTD.,7.1,3.55
3MINDIA,3M INDIA LIMITED,15250,9463.4
8KMILES,8K MILES SOFT SERV LTD,2550,754
A2ZINFRA,A2Z INFRA ENGINEERING LTD,46.1,16.5
AARTIDRUGS,AARTI DRUGS LTD.,686.45,431.6
AARTIIND,AARTI INDUSTRIES LTD,759.9,418.2
AARVEEDEN,AARVEE DEN. & EXP. LTD,106.4,45.85
ABAN,ABAN OFFSHORE LTD.,281.8,142.55
ABBOTINDIA,ABBOTT INDIA LIMITED,6042,4353.7
ABFRL,ADITYA BIRLA FASHION & RT,263.45,122.9
ABGSHIP,ABG SHIPYARD LTD,136.25,22.85
ABIRLANUVO,ADITYA BIRLA NUVO LIMITED,2366.25,684.3
ACCELYA,ACCELYA KALE SOLUTION LTD,1478,777.7
ACE,ACTION CONST EQUIP LTD,50.9,32.05
ADANIENT,ADANI ENTERPRISES LIMITED,98.2,58.2
ADANIPOWER,ADANI POWER LTD,36.1,22.45
ADANITRANS,ADANI TRANSMISSION LTD,45.15,26.3
ADFFOODS,ADF FOODS LIMITED,141.7,62.5
ADHUNIK,ADHUNIK METALIKS LTD.,18.75,5.7
ADHUNIKIND,ADHUNIK INDUSTRIES LTD,193.95,85.1
ADI,ADI FINECHEM LIMITED,510,170.1
ADLABS,ADLABS ENTERTAINMENT LTD.,145.8,68.2
ADORWELD,ADOR WELDING LTD,363.9,231
ADSL,ALLIED DIGITAL SERV. LTD,64.8,28
ADVANIHOTR,ADVANI HOT.& RES.(I) LTD,67.85,42.45
ADVENZYMES,ADVANCED ENZYME TECH LTD,2318.8,1168
AEGISCHEM,AEGIS LOGISTICS LIMITED,173.4,71.7
AFL,ACCEL FRONTLINE LTD,93.35,37.05
AGARIND,AGARWAL INDS CORP LTD.,297.3,108
AGCNET,AGC NETWORKS LIMITED,108,54.5
AGRITECH,AGRI-TECH (INDIA) LIMITED,46.6,5
AHLEAST,ASIAN HOTELS (EAST) LTD,230.05,121
AHLUCONT,AHLUWALIA CONT IND LTD,337.8,209.5
AHLWEST,ASIAN HOTELS (WEST) LTD,222,106.3
AIAENG,AIA ENGINEERING LIMITED,1357,701.9
AIFL,ASHAPURA INTI FASHION LTD,431.5,215.65
AJANTPHARM,AJANTA PHARMA LIMITED,2125,1101.05
AJMERA,AJMERA REALTY & INF I LTD,192.35,107.1
AKSHOPTFBR,AKSH OPTIFIBRE LIMITED,24.5,12.15
AKZOINDIA,AKZO NOBEL INDIA LIMITED,1745,1205
ALANKIT,ALANKIT LIMITED,163.9,46.25
ALBERTDAVD,ALBERT DAVID LIMITED,339,277.6
ALBK,ALLAHABAD BANK,88.4,39.4
ALCHEM,ALCHEMIST LTD,37.9,18.5
ALEMBICLTD,ALEMBIC LIMITED,52.2,32.1
ALICON,ALICON CASTALLOY LIMITED,435,236.7
ALKALI,ALKALI METALS LTD,108,34.9
ALKEM,ALKEM LABORATORIES LTD.,1856,1152.5
ALKYLAMINE,ALKYL AMINES CHEM. LTD,394,279
ALLCARGO,ALLCARGO LOGISTICS LTD,428.55,135.35
ALLSEC,ALLSEC TECHNOLOGIES LTD,321.35,66.65
ALMONDZ,ALMONDZ GLOBAL SEC LTD,16.1,8.3
ALOKTEXT,ALOK INDUSTRIES LTD,7.6,2.8
ALPHAGEO,ALPHAGEO (INDIA) LIMITED,1147,380
ALPSINDUS,ALPS INDUSTRIES LTD,8.85,3.5
AMARAJABAT,AMARA RAJA BATTERIES LTD.,1079.7,774.15
AMBIKCO,AMBIKA COTTON MILL LTD.,962,740
AMDIND,AMD INDUSTRIES LIMITED,44.7,20.55
AMRUTANJAN,AMRUTAJAN HEALTH LTD,661.3,375.55
AMTEKAUTO,AMTEK AUTO LTD.,56.25,26.1
AMTL,ADV METERING TECH LTD,37.2,18.75
ANANDAMRUB,THE ANANDAM RUBBER CO LTD,38.2,11.5
ANANTRAJ,ANANT RAJ LIMITED,65.4,27.5
ANDHRABANK,ANDHRA BANK,71.1,41.8
ANDHRACEMT,ANDHRA CEMENTS LIMITED,11,5.25
ANDHRSUGAR,ANDHRA SUGARS LTD,274.8,100
ANGIND,ANG INDUSTRIES LIMITED,60.2,10
ANKITMETAL,ANKIT MET & POW LTD,3.25,1.4
ANSALAPI,ANSAL PROP & INFRA LTD,26.65,14.4
ANSALHSG,ANSAL HOU. & CON. LTD.,32.25,18
APARINDS,APAR INDUSTRIES LTD.,633.9,403.05
APCOTEXIND,APCOTEX INDUSTRIES LIMITE,434,178
APLAPOLLO,APL APOLLO TUBES LTD,1010,495
APLLTD,ALEMBIC PHARMA LTD,730,512.5
APOLLOTYRE,APOLLO TYRES LTD,234.75,127.05
APOLSINHOT,APOLLO SINDOORI HOTEL LTD,334.95,170
APTECHT,APTECH LIMITED,194.65,50.6
ARCHIDPLY,ARCHIDPLY IND. LTD,79.8,39.3
ARCHIES,ARCHIES LTD,34.3,18.85
ARCOTECH,ARCOTECH LIMITED,431.9,261
ARIES,ARIES AGRO LTD.,148.45,64.55
ARIHANT,ARIHANT FOUN & HOU LTD,69.95,30.5
ARMANFIN,ARMAN FIN SERV LTD,325,198.3
AROGRANITE,ARO GRANITE IND. LTD.,91.5,36.65
ARROWGREEN,ARROW GREENTECH LIMITED,864.4,380.05
ARROWTEX,ARROW TEXTILES LIMITED,59.5,24.25
ARSHIYA,ARSHIYA LIMITED,53.3,16
ARSSINFRA,ARSS INFRA PROJ. LTD,113.9,27
ARVIND,ARVIND LIMITED,368.9,235
ARVINFRA,ARVIND INFRASTRUCTURE LTD,131.6,59
ASAHIINDIA,ASAHI INDIA GLASS LIMITED,208,135.35
ASAHISONG,ASAHI SONGWON COLOR LTD,260.8,108.55
ASAL,AUTOMOTIVE STAMPINGS & AS,71.25,31.4
ASHAPURMIN,ASHAPURA MINECHEM LTD,100.5,56
ASHIANA,ASHIANA HOUSING LTD,209,115.25
ASHIMASYN,ASHIMA LTD,21.85,9.5
ASHOKA,ASHOKA BUILDCON LTD,212.05,111.3
ASIANHOTNR,ASIAN HOTELS (NORTH) LTD,149.8,95.65
ASIANTILES,ASIAN GRANITO IND. LTD.,305,106.2
ASIL,AMIT SPINNING IND. LTD,1.45,0.5
ASSAMCO,ASSAM COMPANY INDIA LTD,8.15,3.05
ASTEC,ASTEC LIFESCIENCES LTD,488,170
ASTRAL,ASTRAL POLY TECH LTD,527.85,333.05
ASTRAMICRO,ASTRA MICROWAVE LTD,155.4,101.55
ASTRAZEN,ASTRAZENECA PHARMA IND LT,1350,919.55
ATFL,AGRO TECH FOODS LIMITED,610.9,444.4
ATLANTA,ATLANTA LIMITED,80.3,25.4
ATLASCYCLE,ATLAS CYCLE (HARYANA) LTD,444,161.9
ATUL,ATUL LTD,2492,1300
ATULAUTO,ATUL AUTO LIMITED,584.6,391
AURIONPRO,AURIONPRO SOLN LTD,240,103
AUSOMENT,AUSOM ENTERPRISE LIMITED,36,18
AUSTRAL,AUSTRAL COKE & PRO LTD,0.6,0.25
AUTOAXLES,AUTOMOTIVE AXLES LIMITED,804.7,505.25
AUTOIND,AUTOLINE INDUSTRIES LTD,68.45,33.9
AUTOLITIND,AUTOLITE (INDIA) LIMITED,78.2,41.2
AVANTIFEED,AVANTI FEEDS LIMITED,3148,331.05
AVTNPL,AVT NATURAL PRODUCTS LTD,42.85,26.1
AXISCADES,AXISCADES ENGG TECH LTD,368.8,186
AYMSYNTEX,AYM SYNTEX LIMITED,163.15,72.15
BAFNAPHARM,BAFNA PHARMACEUTICALS L,52.4,25.5
BAGFILMS,B.A.G FILMS AND MEDIA LTD,7.3,2.35
BAJAJCORP,BAJAJ CORP LIMITED,473.1,356.05
BAJAJELEC,BAJAJ ELECT.LTD,282,155
BAJAJHIND,BAJAJ HINDUSTHAN SUGAR LT,24.2,12
BAJAJHLDNG,BAJAJ HOLDINGS & INVS LTD,2241.95,1310
BALAJITELE,BALAJI TELEFILMS LIMITED.,149.9,83.3
BALAMINES,BALAJI AMINES LIMITED,374.9,114
BALKRISHNA,BALKRISHNA PAPER MILLS L,119.75,26.8
BALKRISIND,BALKRISHNA IND. LTD,1204.8,549.05
BALLARPUR,BALLARPUR INDUSTRIES LTD,21.8,11.75
BALMLAWRIE,BALMER LAWRIE & CO LTD,747.2,490.75
BALPHARMA,BAL PHARMA LTD.,167.9,72.65
BALRAMCHIN,BALRAMPUR CHINI MILLS LTD,138,54.75
BANARBEADS,BANARAS BEADS LTD,65.8,30.55
BANARISUG,BANNARI AMMAN SUGARS LTD,2249,881.2
BANCOINDIA,BANCO PRODUCTS (I) LTD,241.65,90.2
BANG,BANG OVERSEAS LTD.,29.65,10.4
BANKINDIA,BANK OF INDIA,144.75,78.4
BANSWRAS,BANSWARA SYNTEX LIMITED,194.4,73
BARTRONICS,BARTRONICS INDIA LIMITED,16.3,8.2
BASF,BASF INDIA LTD,1272,697.5
BASML,BANNARI AM SPIN MILL LTD.,351,178
BATAINDIA,BATA INDIA LTD,613.65,438
BAYERCROP,BAYER CROPSCIENCE LTD,4595,3110
BBL,BHARAT BIJLEE LTD,1108.9,571.5
BBTC,BOMBAY BURMAH TRADING COR,674,310
BEDMUTHA,BEDMUTHA INDUST LTD,31,9.45
BEML,BEML LIMITED,1324.4,788
BEPL,BHANSALI ENG. POLYMERS LT,29.8,14.95
BERGEPAINT,BERGER PAINTS (I) LTD,326,214.05
BFINVEST,BF INVESTMENT LIMITED,190.8,84.2
BFUTILITIE,BF UTILITIES LIMITED,724.7,389.1
BGRENERGY,BGR ENERGY SYSTEMS LTD,139,89.05
BHAGERIA,BHAGERIA INDUSTRIES LTD,688,86.9
BHAGYNAGAR,BHAGYANAGAR INDIA LIMITED,23.5,15.05
BHARATFIN,BHARAT FIN INCLUSION LTD,939,398.1
BHARATGEAR,BHARAT GEARS LTD.,171.4,52.65
BHARATIDIL,BHARATI DEF & INFRA LTD,31.8,17.6
BHARATRAS,BHARAT RASAYAN LTD,1945,701.3
BHARATWIRE,BHARAT WIRE ROPES LTD.,49.3,38.15
BHUSANSTL,BHUSHAN STEEL LIMITED,50.85,32.3
BIGBLOC,BIGBLOC CONSTRUCTION LTD,72.6,28.6
BIL,BHARTIYA INTERNATIONAL,612.8,424.5
BILENERGY,BIL ENERGY SYSTEMS LTD,1.4,0.65
BILPOWER,BILPOWER LIMITED,1.9,0.75
BINANIIND,BINANI INDUSTRIES LTD,120.95,50
BINDALAGRO,OSWAL CHEM. & FERT. LTD.,46.45,19.7
BIOCON,BIOCON LIMITED.,1020,431
BIRLACORPN,BIRLA CORPORATION LTD,755.8,318.05
BIRLAMONEY,ADITYA BIRLA MONEY LTD,35.95,19
BLBLIMITED,BLB LIMITED,7.6,2.9
BLISSGVS,BLISS GVS PHARMA LTD,200.75,79.05
BLKASHYAP,B.L.KASHYAP & SON LTD,26.5,8.6
BLUEBLENDS,BLUE BLENDS (I) LTD,112.8,16.7
BLUECHIP,BLUE CHIP INDIA LIMITED,0.65,0.25
BLUECOAST,BLUE COAST HOTELS LIMITED,178,80.4
BLUEDART,BLUE DART EXPRESS LTD,7850,4888
BLUESTARCO,BLUE STAR LIMITED,583.9,305.6
BODALCHEM,BODAL CHEMICALS LTD,154.5,35.1
BOMDYEING,BOMBAY DYEING & MFG. CO L,71.2,39
BPL,BPL LTD,100.2,23.1
BRFL,BOMBAY RAYON FASHIONS LTD,215,128.15
BRIGADE,BRIGADE ENTER. LTD,188.9,130
BROOKS,BROOKS LAB LIMITED,174.4,61.15
BSELINFRA,BSEL INFRASTRUCTURE REALT,4.4,1.95
BSL,BSL LTD,105.35,40
BSLIMITED,BS LIMITED,38.8,4.1
BURNPUR,BURNPUR CEMENT LTD.,17.55,7
BUTTERFLY,BTRFLY GANDHI APPL LTD,307.7,138
BVCL,BARAK VALLEY CEM. LTD.,29.4,13.4
BYKE,THE BYKE HOSPITALITY LTD,200,148
CAMLINFINE,CAMLIN FINE SCIENCES LTD,121.2,76
CANBK,CANARA BANK,338.9,156
CANDC,C&C CONST. LTD.,29.55,8.1
CANFINHOME,CAN FIN HOMES LTD,1889.85,840
CANTABIL,CANTABIL RETAIL LTD,97.8,53.9
CAPF,CAPITAL FIRST LIMITED,797.4,346.2
CAPLIPOINT,CAPLIN POINT LAB LTD.,1532,290.9
CARBORUNIV,CARBORUNDUM UNIVERSAL LTD,307.3,156.1
CAREERP,CAREER POINT LIMITED,160,93.45
CARERATING,CARE LIMITED,1575,883
CASTEXTECH,CASTEX TECHNOLOGIES LTD.,30.45,4.8
CCCL,CONS. CONST. CONSORT LTD,6.5,2.35
CCHHL,COUNTRY CLUB HOSP HOL LTD,17.9,8.4
CCL,CCL PRODUCTS (I) LTD,286,154.25
CEATLTD,CEAT LIMITED,1420,730
CEBBCO,COMMERCIAL ENG & CO. LTD,30.4,11.7
CELEBRITY,CELEBRITY FASHIONS LTD,17.3,8.25
CELESTIAL,CELESTIAL BIOLABS LTD,42.55,16.6
CENTENKA,CENTURY ENKA LTD,302.55,142.65
CENTEXT,CENTURY EXTRUSIONS LTD,9.2,1.4
CENTRALBK,CENTRAL BANK OF INDIA,112.45,47.9
CENTUM,CENTUM ELECTRONICS LTD,764.95,450
CENTURYPLY,CENTURY PLYBOARDS (I) LTD,267.8,135.65
CENTURYTEX,CENTURY TEXTILES LTD,981,403
CERA,CERA SANITARYWARE LTD,2718.7,1509.95
CEREBRAINT,CEREBRA INT TECH LTD,28.75,11.5
CESC,CESC LTD,683,404.55
CGCL,CAPRI GLOBAL CAPITAL LTD,407.65,109.6
CHAMBLFERT,CHAMBAL FERTILIZERS LTD,73.4,50.65
CHEMFALKAL,CHEMFAB ALKALIS LTD,339.25,65.5
CHENNPETRO,CHENNAI PETROLEUM CORP LT,312.4,137.8
CHOLAFIN,CHOLAMANDALAM IN & FIN CO,1243,590
CHROMATIC,CHROMATIC INDIA LTD,6.15,2.65
CIGNITITEC,CIGNITI TECHNOLOGIES LTD,515.05,368.1
CIMMCO,CIMMCO LIMITED,103.65,56.1
CINELINE,CINELINE INDIA LIMITED,74.9,14.5
CINEVISTA,CINEVISTA LIMITED,10.25,2.95
CLNINDIA,CLARIANT CHEMICALS (INDIA,840,585
CNOVAPETRO,CIL NOVA PETROCHEM LTD,49.15,24.5
COFFEEDAY,COFFEE DAY ENTERPRISE LTD,317,215.6
COMPINFO,COMPUAGE INFOCOM LTD,220.05,132.2
COMPUSOFT,COMPUCOM SOFTWARE LTD,15.5,7
CONSOFINVT,CONSO. FIN. & HOLD. LTD.,89,47.05
CONTROLPR,CONTROL PRINT LIMITED,328.5,252
CORDSCABLE,CORDS CABLE INDUS LTD.,70.8,32.7
COROMANDEL,COROMANDEL INTERNTL. LTD,281.05,145.5
CORPBANK,CORPORATION BANK,47.3,31.05
COSMOFILMS,COSMO FILMS LTD,431.9,212.6
COUNCODOS,COUNTRY CONDO'S LIMITED,9.1,2.3
COX&KINGS,COX & KINGS LIMITED,276.9,140.1
CREST,CREST VENTURES LIMITED,97.95,31.35
CRISIL,CRISIL LTD,2500,1761.25
CROMPGREAV,CROMPTON GREAVES LTD,203.8,40.3
CROMPTON,CROMPT GREA CON ELEC LTD,186.8,125
CTE,CAMBRIDGE TECH ENTER LTD,163.45,76.85
CUB,CITY UNION BANK LTD,150,77.8
CUPID,CUPID LIMITED,348.9,275
CURATECH,CURA TECHNOLOGIES LTD,9.8,3.35
CYBERTECH,CYBERTECH SYSTEMS & SOFTW,94.5,32.25
CYIENT,CYIENT LIMITED,564.7,369.25
DAAWAT,LT FOODS LIMITED,319.7,180.1
DALMIABHA,DALMIA BHARAT LIMITED,2010,602.8
DALMIASUG,DALMIA BHARAT SUG IN LTD,168,44.25
DAMODARIND,DAMODAR INDUSTRIES LTD,95,68
DATAMATICS,DATAMATICS GLOBAL SER LTD,98,40.7
DBCORP,D.B.CORP LTD,447.7,286.35
DBL,DILIP BUILDCON LIMITED,259,215.55
DBREALTY,D B REALTY LIMITED,69.2,35.8
DBSTOCKBRO,DB (INT) STOCK BROKERS,24.8,16.25
DCBBANK,DCB BANK LIMITED,131.55,68.4
DCM,DCM LTD,148.05,66
DCMSHRIRAM,DCM SHRIRAM LIMITED,269.55,106.65
DCW,DCW LTD,39.9,18.75
DECCANCE,DECCAN CEMENTS LIMITED,1188,483.05
DEEPAKFERT,DEEPAK FERTILIZERS & PETR,254,127.1
DEEPAKNTR,DEEPAK NITRITE LTD,134,56
DEEPIND,DEEP INDUSTRIES LTD,271.85,117.35
DELTACORP,DELTA CORP LIMITED,186.7,49.15
DEN,DEN NETWORKS LTD,125.8,60.05
DENABANK,DENA BANK,47.7,25.6
DENORA,DE NORA INDIA LIMITED,467.95,169
DHAMPURSUG,DHAMPUR SUGAR MILLS LTD.,137.5,46.8
DHANBANK,DHANLAXMI BANK LIMITED,30.1,16.8
DHANUKA,DHANUKA AGRITECH LTD,777,408
DHARSUGAR,DHARANI SUGARS & CHEMICAL,70.75,11.5
DHFL,DEWAN HOUSING FIN CORP LT,336.2,140.3
DHUNINV,DHUNSERI INVESTMENTS LTD,159,115.1
DIAPOWER,DIAMOND POWER INFRA LTD,63.05,21.9
DICIND,DIC INDIA LIMITED,750,491
DIGJAMLTD,DIGJAM LIMITED,16.95,9.1
DISHMAN,DISHMAN PHARMA & CHEM LTD,419.8,127.95
DISHTV,DISH TV INDIA LTD.,111.9,65.2
DLINKINDIA,D-LINK INDIA LTD,195,74.4
DOLPHINOFF,DOLPHIN OFF. ENT IND LTD.,139.4,66.6
DONEAR,DONEAR IND. LIMITED,70.8,12.25
DPL,DHUNSERI PETROCHEM LTD,104.65,66.2
DPSCLTD,DPSC LIMITED,41.05,10.1
DQE,DQ ENTERTAINMENT INT LTD,47.6,17.95
DREDGECORP,DREDGING CORP OF INDIA,466,290
DSKULKARNI,D S KULKARNI DEVELOPERS L,124.8,64.3
DSSL,DYNACONS SYS & SOLN LTD,21.15,9.05
DTIL,DHUNSERI TEA & IND. LTD.,354.9,210.35
DUCON,DUCON INFRATECHNOLOGIES L,62.15,12.6
DWARKESH,DWARIKESH SUGAR IND LTD,379.4,53
DYNAMATECH,DYNAMATIC TECHNOLOGIES,3389,1450
EASTSILK,EASTERN SILK INDUSTRIES L,4,1.8
EASUNREYRL,EASUN REYROLLE LTD,58.9,27.55
ECEIND,ECE INDUSTRIES LTD.,376.9,125.05
ECLERX,ECLERX SERVICES LTD,1989,1105.3
EDELWEISS,EDELWEISS FIN SERV LTD,128.8,44.35
EDL,EMPEE DISTI. LTD.,115.45,42.15
EDUCOMP,EDUCOMP SOLUTIONS LTD,18.3,10.1
EIDPARRY,EID PARRY INDIA LTD,278.35,147.8
EIHAHOTELS,EIH ASSOCIATED HOTELS LTD,379,201
EIHOTEL,EIH LIMITED,137.5,100.1
EKC,EVEREST KANTO CYLINDERLTD,41.3,8
ELAND,E-LAND APPAREL LIMITED,62.8,21.8
ELECON,ELECON ENG. CO. LTD,92.85,42.55
ELECTCAST,ELECTROSTEEL CASTINGS LTD,28.95,16.8
ELECTHERM,ELECTROTHERM (I) LTD.,197,32.1
ELGIEQUIP,ELGI EQUIPMENTS LTD,204,118.2
ELGIRUBCO,ELGI RUBBER CO. LTD,47.45,23.6
EMAMIINFRA,EMAMI INFRASTRUCTURE LTD,90.4,30.1
EMCO,EMCO LIMITED,37.35,21.7
EMKAY,EMKAY GLOBAL FIN SERV LTD,88.5,46
EMMBI,EMMBI INDUSTRIES LIMITED,137,44.6
ENDURANCE,ENDURANCE TECHNO. LTD.,674.5,572
ENERGYDEV,ENERGY DEVE. CO.LTD,245.85,31.3
ENGINERSIN,ENGINEERS INDIA LTD,276.15,143.1
ENIL,ENTERTAIN NET. IND. LTD.,905,587
EON,EON ELECTRIC LIMITED,91.8,35
EQUITAS,EQUITAS HOLDINGS LIMITED,206.25,134.3
EROSMEDIA,EROS INTL MEDIA LTD,473,125.75
ESABINDIA,ESAB INDIA LTD,688.95,438.05
ESCORTS,ESCORTS INDIA LTD,414.4,112.8
ESL,ELECTROSTEEL STEELS LTD,4.5,2.45
ESSARSHPNG,ESSAR SHIPPING LTD,38.1,19.5
ESSELPACK,ESSEL PROPACK LTD,250,132
ESTER,ESTER INDUSTRIES LTD,108.15,33.75
EUROCERA,EURO CERAMICS LTD,10.1,2.3
EUROTEXIND,EUROTEX INDUSTRIES LTD,41.3,21
EVEREADY,EVEREADY INDS. IND.  LTD.,318.5,192.25
EVERESTIND,EVEREST INDUSTRIES LTD,364.7,192.05
EVERONN,EVERONN EDUCATION LIMITED,36.3,17
EXCEL,EXCEL REALTY N INFRA LTD,55.7,23.5
EXCELCROP,EXCEL CROP CARE LTD,1760.05,782.4
EXCELINDUS,EXCEL INDUSTRIES LTD,466.7,138.7
EXIDEIND,EXIDE INDUSTRIES LTD,205,116
FACT,FACT LTD,28.7,18.6
FAGBEARING,FAG BEARINGS INDIA LTD,4425,3700
FARMAXIND,FARMAX INDIA LTD,0.35,0.05
FCEL,FUTURE CONSUMER ENT LTD,27.25,16.55
FCL,FINEOTEX CHEMICAL LIMITED,38,20.25
FCSSOFT,FCS SOFTWARE SOLN. LTD.,0.6,0.25
FDC,FDC LIMITED,269.4,165
FEDDERLOYD,FEDDERS LLOYDS CORPORATIO,109.2,58.15
FEDERALBNK,FEDERAL BANK LTD,76.65,41.35
FEL,FUTURE ENTERPRISES LTD,172.95,15.45
FELDVR,FUTURE ENTERPRISES LTD,144.2,12.45
FIEMIND,FIEM INDUSTRIES LIMITED,1510,581.55
FILATEX,FILATEX INDIA LTD,87.7,32.75
FINANTECH,FINANCIAL TECHNO (I) LTD,134.35,70.65
FINCABLES,FINOLEX CABLES LTD,458.95,202.2
FINPIPE,FINOLEX INDUSTRIES LTD,497.5,260.4
FIRSTWIN,FIRST WIN IND. LTD.,3.35,2.05
FLEXITUFF,FLEXITUFF INTER LIMITED,248,153.1
FLFL,FUT LIFESTYLE FASH LTD,142.4,66.7
FMGOETZE,FEDERAL-MOGUL GOETZE (IND,594,273.6
FMNL,FUTURE MKT NETWORKS LTD,41.7,17.25
FORTIS,FORTIS HEALTHCARE LTD,198.9,141
FOSECOIND,FOSECO INDIA LTD,1580,1065.1
FRETAIL,FUTURE RETAIL LIMITED,161.05,137.2
FSL,FIRSTSOURCE SOLU. LTD.,53.65,28.65
GABRIEL,GABRIEL INDIA LTD,126.4,75
GAEL,GUJARAT AMBUJA EXPORTS LT,97.1,35.25
GAL,GYSCOAL ALLOYS LTD,124.8,10.3
GALLANTT,GALLANTT METAL LIMITED,53.4,22.4
GALLISPAT,GALLANTT ISPAT LTD,663,342.55
GAMMNINFRA,GAMMON INFRA PROJ LTD.,8.1,3.8
GAMMONIND,GAMMON INDIA LTD,21.5,10.3
GANDHITUBE,GANDHI SPL. TUBES LTD,351.85,197.5
GANECOS,GANESHA ECOSPHERE LIMITED,236.85,106.65
GANESHHOUC,GANESH HOUSING CORP LTD,143.45,70.1
GANGOTRI,GANGOTRI TEXTILES LTD.,1.95,0.8
GARDENSILK,GARDEN SILK MILLS LTD,41.35,20.8
GARWALLROP,GARWARE-WALL ROPES LTD,568.9,271.2
GATI,GATI LIMITED,189.35,94.5
GAYAPROJ,GAYATRI PROJECTS LTD,769,490.2
GDL,GATEWAY DISTRIPARKS LTD.,360,205.8
GEECEE,GEECEE VENTURES LIMITED,219.7,79.15
GEMINI,GEMINI COMM. LTD,5.6,1.05
GENESYS,GENESYS INTL CORPN LTD,109,40.55
GENUSPAPER,GENUS P&B LIMITED,7.55,3.2
GENUSPOWER,GENUS POWER INFRASTRU LTD,62.45,32
GEOJITBNPP,GEOJIT BNP P. FIN SER LTD,44.9,28.05
GEOMETRIC,GEOMETRIC LIMITED,251,131
GEPIL,GE POWER INDIA LIMITED,703.2,495.05
GESHIP,THE GE SHPG.LTD,421,274.65
GET&D,GE T&D INDIA LIMITED,543.95,313.1
GHCL,GHCL LIMITED,299,95.35
GICHSGFIN,GIC HOUSING FINANCE LTD,354.4,181
GILLANDERS,GILLANDERS ARBUTHNOT LTD,80.7,48.9
GILLETTE,GILLETTE INDIA LTD,5037.5,3805.35
GINNIFILA,GINNI FILAMENTS LTD,32.7,13.7
GIPCL,GUJ IND POW CO. LTD,98.8,71.85
GITANJALI,GITANJALI GEMS LIMITED,93.6,30.1
GKWLIMITED,GKW LIMITED,885,481.7
GLFL,GUJARAT LEASE FINANCING L,2.45,1.25
GLOBALVECT,GLOBAL VEC HELICORP LTD,148.8,62.15
GLOBOFFS,GLOBAL OFFSHORE SERV LTD,419,116
GLOBUSSPR,GLOBUS SPIRITS LTD,115.9,50.6
GMBREW,G M BREWERIES LTD,1170,442.55
GMDCLTD,GUJARAT MINERAL DEV CORP,107.3,52.3
GMRINFRA,GMR INFRASTRUCTURE LTD.,18.55,9.75
GNA,GNA AXLES LIMITED,276.5,218.9
GNFC,GUJ NAR VAL FER & CHEM L,247.5,59.15
GOACARBON,GOA CARBON LIMITED,141.5,62.25
GOCLCORP,GOCL CORPORATION LIMITED,374.2,118
GODFRYPHLP,GODFREY PHILLIPS INDIA LT,1662.8,800.1
GODREJIND,GODREJ INDUSTRIES LTD,467.5,290
GODREJPROP,GODREJ PROPERTIES LTD,385.9,265.65
GOKEX,GOKALDAS EXPORTS LTD.,134,40.6
GOKUL,GOKUL REFOILS & SOLV LTD,25.8,9.55
GOKULAGRO,GOKUL AGRO RESOURCES LTD,23.3,9
GOLDENTOBC,GOLDEN TOBACCO LIMITED,56.7,32.2
GOLDIAM,GOLDIAM INTERNATIONAL LTD,93.7,38
GOLDINFRA,GOLDSTONE INFRATECH LTD,24.8,13.65
GOLDTECH,GOLDSTONE TECHNOLOGIES LT,10.35,3.8
GOODLUCK,GOODLUCK INDIA LIMITED,134.3,75
GPIL,GODAWARI POW & ISP LTD,82,48
GPPL,GUJARAT PIPAVAV PORT LTD,197.8,136.35
GPTINFRA,GPT INFRAPROJECTS LTD,307,201.5
GRANULES,GRANULES INDIA LIMITED,164.4,101.4
GRAPHITE,GRAPHITE INDIA LTD,88.5,64.55
GRAVITA,GRAVITA INDIA LIMITED,37.95,15.1
GREAVESCOT,GREAVES COTTON LTD.,162.6,114.1
GREENFIRE,GREEN FIRE AGRI COMM LTD,3.05,1.2
GREENLAM,GREENLAM INDUSTRIES LTD.,860,397.95
GREENPLY,GREENPLY INDUSTRIES LTD,1050,151.05
GREENPOWER,ORIENT GREEN POWER CO LTD,18.5,9.1
GRINDWELL,GRINDWELL NORTON LIMITED,829.5,315.2
GRPLTD,GRP LIMITED,1680,855
GRUH,GRUH FINANCE LTD.,368.7,226.1
GSCLCEMENT,GUJARAT SIDHEE CEM. LTD.,36.2,20.65
GSFC,GUJ STATE FERT & CHEM LTD,99.4,57.5
GSPL,GUJARAT STATE PETRO LTD,164.4,120.1
GSS,GSS INFOTECH LIMITED,44.3,20.2
GTL,GTL LTD,24.6,10.6
GTLINFRA,GTL INFRA.LTD,7,1.65
GTNIND,GTN INDUSTRIES LIMITED,24.75,8.1
GTNTEX,GTN TEXTILES LIMITED,17.65,7.9
GTOFFSHORE,GOL OFFSHORE LIMITED,59.6,28.05
GUFICBIO,GUFIC BIOSCIENCES LTD.,64.9,32.1
GUJALKALI,GUJARAT ALKALIES & CHEM,347.25,143.3
GUJAPOLLO,GUJ. APOLLO IND. LTD.,149,111
GUJFLUORO,GUJARAT FLUOROCHEMICALS L,684,400
GUJGASLTD,GUJARAT GAS LIMITED,690,473.95
GUJNRECOKE,GUJARAT N R E COKE LTD,4.5,2.45
GUJNREDVR,GUJ NRE DVR 'B' CLASS,3.45,1.7
GULFOILLUB,GULF OIL LUB. IND. LTD.,891.8,447.4
GULFPETRO,GP PETROLEUMS LIMITED,92,42
GULPOLY,GULSHAN POLYOLS LIMITED,487,273.05
GVKPIL,GVK POW. & INFRA LTD.,9.8,4.1
HANUNG,HANUNG TOYS & TEX LTD,12.55,4.55
HARITASEAT,HARITA SEATING SYS. LTD,675.3,258
HARRMALAYA,HARRISON MALAYALAM LTD,93.6,39.6
HATHWAY,HATHWAY CABLE & DATACOM,49.25,23.95
HATSUN,HATSUN AGRO PRODUCT LTD.,507.1,307.05
HAVELLS,HAVELLS INDIA LIMITED,459.4,235.3
HBLPOWER,HBL POWER SYSTEMS LTD.,52.2,28.5
HBSTOCK,HB STOCKHOLDINGS LIMITED,13.4,6.1
HCC,HINDUSTAN CONSTRUCTION CO,41.9,16.55
HCG,HEALTHCARE GLOB. ENT. LTD,239.9,167
HCL-INSYS,HCL INFOSYSTEMS LTD,66.85,30.15
HDIL,HOUSING DEV & INFRA LTD,108.7,55.65
HEG,HEG LTD,203.2,115
HEIDELBERG,HEIDELBERGCEMENT (I) LTD,148.4,59.65
HERCULES,HERCULES HOI. LTD.,197.4,127.1
HERITGFOOD,HERITAGE FOODS LTD,956,405
HESTERBIO,HESTER BIOSCIENCES LTD,825,363
HEXATRADEX,HEXA TRADEX LIMITED,21.9,12.6
HEXAWARE,HEXAWARE TECHNOLOGIES LTD,273.6,177.95
HFCL,HIMACHAL FUT COM LTD,24.65,14.1
HGS,HINDUJA GLOBAL SOLS. LTD.,625,363.1
HIKAL,HIKAL LIMITED,229,111.85
HIL,HIL LIMITED,774.9,421
HILTON,HILTON METAL FORGING LTD,24.5,13.1
HIMATSEIDE,HIMATSINGKA SEIDE LTD,297,144.6
HINDCOMPOS,HINDUSTAN COMPOSITES LTD.,2119,746
HINDCOPPER,HINDUSTAN COPPER LTD,73.8,42
HINDDORROL,HINDUSTAN DORR OLIVER LTD,21,9
HINDMOTORS,HINDUSTAN MOTORS LIMITED,10.1,4.55
HINDNATGLS,HIND NATL GLASS & IND LTD,155.75,60.05
HINDOILEXP,HINDUSTAN OIL EXPLORATION,65.4,26.3
HINDUJAFO,HINDUJA FOUNDRIES LIMITED,61.3,26.45
HINDUJAVEN,HINDUJA VENTURES LIMITED,548.9,361.05
HIRECT,HIND RECTIFIER LIMITED,102.95,58
HITECHGEAR,THE HI-TECH GEARS LIMITED,410,221.6
HITECHPLAS,HITECH PLAST LIMITED,224,91.4
HMVL,HINDUSTAN MEDIA VENT LTD,310.2,243
HOCL,HINDUSTAN ORGANIC CHEMICA,25.8,12.1
HONAUT,HONEYWELL AUTOMATION IND,10162.9,7701
HONDAPOWER,HONDA SIEL POWER PROD LTD,1550,1081
HOTELEELA,HOTEL LEELA VENTURES LTD,24.1,16.55
HOTELRUGBY,HOTEL RUGBY LTD,8.7,3.5
HOVS,HOV SERVICES LTD,131.8,68
HPL,HPL ELECTRIC & POWER LTD,198,168.1
HSCL,HIMADRI SPECIALITY CHEM L,46,12.45
HSIL,HSIL LIMITED,369.7,223.6
HTMEDIA,HT MEDIA LIMITED,96.4,73
HUBTOWN,HUBTOWN LIMITED,140,84.15
IBREALEST,INDIABULLS REAL EST. LTD,105.2,42.1
IBVENTURES,INDIABULLS VENTURES LTD,36.5,13.05
IBWSL,INDIABULLS WHOLESALE SER,34,7.8
ICICIPRULI,ICICI PRU LIFE INS CO LTD,333.9,293.05
ICIL,INDO COUNT INDUSTRIES LTD,1254,693.5
ICRA,ICRA LIMITED,4550,3470
ICSA,ICSA (INDIA) LIMITED,4.7,2
IDBI,IDBI BANK LIMITED,95.7,47.25
IDFC,IDFC LIMITED,70.75,34.8
IDFCBANK,IDFC BANK LIMITED,83.4,43.1
IFBAGRO,IFB AGRO INDUSTRIES LTD,518,331.35
IFBIND,IFB INDUSTRIES LTD,552.9,280.1
IFCI,IFCI LTD,30.9,19.4
IFGLREFRAC,IFGL REFRACTORIES LTD,157.75,75.1
IGARASHI,IGARASHI MOTORS INDIA LTD,839.7,375
IGL,INDRAPRASTHA GAS LTD,881.45,453.4
IGPL,I G PETROCHEMICALS LTD,254,75.2
IIFL,IIFL HOLDINGS LIMITED,311.8,163.5
IL&FSENGG,IL&FS ENG AND CONS CO LTD,76.3,39.2
IL&FSTRANS,IL&FS TRANS NET LTD,116,64
IMFA,INDIAN METALS & FERRO,319.6,98.1
IMPAL,IND MOTOR PART & ACC LTD,997.7,650.2
IMPEXFERRO,IMPEX FERRO TECH LIMITED,2.5,1
INDBANK,INDBANK MERCH BANK,14.6,6.05
INDHOTEL,THE INDIAN HOTELS CO. LTD,143,87.05
INDIACEM,THE INDIA CEMENTS LIMITED,164.2,63.9
INDIAGLYCO,INDIA GLYCOLS LTD,141.85,65
INDIANB,INDIAN BANK,242,75.3
INDIANCARD,INDIAN CARD CLOTHING CO.,321.25,176
INDIANHUME,INDIAN HUME PIPE CO. LTD.,879,270
INDLMETER,IMP POWERS LTD,125.8,58.65
INDNIPPON,INDIA NIPPON ELECT  LTD,620,315
INDOCO,INDOCO REMEDIES LTD.,362,232.9
INDORAMA,INDO RAMA SYNTHETICS LTD,42.2,24.4
INDOSOLAR,INDOSOLAR LIMITED,14.25,6.65
INDOTECH,INDO TECH TRANSFORM LTD.,297.8,141.3
INDOTHAI,INDO THAI SEC LTD,29.6,18.3
INDRAMEDCO,INDRAPRASTHA MEDICAL CORP,77.2,46.5
INDSWFTLAB,IND SWIFT LABORATORIES LT,56.2,26.25
INDSWFTLTD,IND-SWIFT LIMITED,8.55,3.85
INDTERRAIN,IND TERRAIN FASHIONS LTD,743.8,30.05
INEOSSTYRO,INEOS STYROLUTION IND LTD,842,475
INFIBEAM,INFIBEAM INCORP. LIMITED,1074,432
INFINITE,INFINITE COMPUTER SOL LTD,267.5,178
INFOMEDIA,INFOMEDIA PRESS LIMITED,8.9,3.45
INGERRAND,INGERSOLL-RAND INDIA LTD,839.95,582.25
INOXLEISUR,INOX LEISURE LIMITED,293.4,170.75
INOXWIND,INOX WIND LIMITED,411.4,163
INSECTICID,INSECTICIDES (I) LTD,540.95,295
INTELLECT,INTELLECT DESIGN ARENA,302.45,154.6
INVENTURE,INVENTURE GRO & SEC LTD,27.65,10.5
IOB,INDIAN OVERSEAS BANK,37.05,20.85
IOLCP,IOL CHEM AND PHARMA LTD,156.8,55.65
IPAPPM,INTERNATIONALPAPERAPPMLTD,349,216.15
IPCALAB,IPCA LABORATORIES LTD,808,404
IRB,IRB INFRA DEV LTD.,272,195.3
ISFT,INTRASOFT TECH. LTD,575,250
ISMTLTD,ISMT LIMITED,12.85,6.2
ITDCEM,ITD CEMENTATION INDIA LTD,163.95,83.1
ITI,ITI LTD,34.9,22.6
IVC,IL&FS INVESTMENT MANAGERS,21.5,12.95
IVP,IVP LTD,157.35,70
IVRCLINFRA,IVRCL LIMITED,12,3.7
IVZINGOLD,INVESCO INDIA GOLD ETF,2974,2015.35
IZMO,IZMO LIMITED,87,35.1
J&KBANK,J & K BANK LTD.,92.2,56.2
JAGRAN,JAGRAN PRAKASHAN LIMITED,213.05,137.15
JAGSNPHARM,JAGSONPAL PHARMACEUTICALS,62.9,30.85
JAIBALAJI,JAI BALAJI INDUSTRIES LTD,15.45,4.8
JAICORPLTD,JAI CORP LIMITED,94.4,48.55
JAIHINDPRO,JAIHIND PROJECTS LTD,15.95,5.4
JAMNAAUTO,JAMNA AUTO IND LTD,253.8,110.25
JAYAGROGN,JAYANT AGRO ORGANICS LTD,454.4,101
JAYBARMARU,JAY BHARAT MARUTI LTD,298.6,112.5
JAYNECOIND,JAYASWAL NECO INDUSTR LTD,11.3,5.8
JAYSREETEA,JAYSHREE TEA & INDUSTRIES,121.35,62.4
JBCHEPHARM,J B CHEMICALS AND PHARMA,403.9,228
JBFIND,JBF INDUSTRIES LTD,260.75,150
JBMA,JBM AUTO LIMITED,288.9,103.1
JCHAC,JOHNSON CONTROLS HITACHI,1678,930.5
JENSONICOL,JENSON & NICHOLSON (IND),14.15,5.9
JETAIRWAYS,JET AIRWAYS (INDIA) LTD.,796.4,383.6
JHS,JHS SVEND. LAB. LTD,42,21.75
JIKIND,JIK INDUSTRIES LTD,1.1,0.55
JINDALPHOT,JINDAL PHOTO LIMITED,217.15,75
JINDALPOLY,JINDAL POLY FILMS LIMITED,611.9,339.6
JINDALSAW,JINDAL SAW LIMITED,72.5,35.65
JINDALSTEL,JINDAL STEEL & POWER LTD,98.15,48.1
JINDCOT,JINDAL COTEX LTD,24.45,5.6
JINDRILL,JINDAL DRILLING IND. LTD,216.4,105
JINDWORLD,JINDAL WORLDWIDE LTD,200,113
JISLDVREQS,JAIN DVR EQUITY SHARES,62.4,35.45
JISLJALEQS,JAIN IRRIGATION SYSTEMS,105.25,46.8
JKCEMENT,JK CEMENT LIMITED,1008.5,425
JKIL,JKUMAR INFR.LTD.,794.85,105.4
JKLAKSHMI,JK LAKSHMI CEMENT LTD,513,253.95
JKPAPER,JK PAPER LIMITED,82.9,40.15
JKTYRE,JK TYRE & INDUSTRIES LTD,161.4,73.8
JMA,JULLUNDUR MOT AGENCY LTD,219.6,156
JMCPROJECT,JMC PROJECTS (I) LTD.,289,174.3
JMFINANCIL,JM FINANCIAL LIMITED,83.15,33.25
JMTAUTOLTD,JMT AUTO LIMITED,106.8,23.7
JOCIL,JOCIL LIMITED,248,136
JPASSOCIAT,JAIPRAKASH ASSOCIATES LTD,14.65,5.3
JPINFRATEC,JAYPEE INFRATECH LTD,15.15,5.3
JPOLYINVST,JIND POL INV & FIN CO LTD,123,65
JPPOWER,JAIPRAKASH POWER VEN. LTD,7.9,3.65
JSL,JINDAL STAINLESS LIMITED,61.4,14.2
JSLHISAR,JINDAL STAINLESS (H) LTD,105.75,24.7
JSWENERGY,JSW ENERGY LIMITED,96.1,59
JSWHL,JSW HOLDINGS LIMITED,1396,929.8
JUBILANT,JUBILANT LIFE SCIENCE LTD,701,275.65
JUBLFOOD,JUBILANT FOODWORKS LTD,1572.95,887.35
JUBLINDS,JUBILANT INDUSTRIES LTD,290.5,122.95
JUSTDIAL,JUSTDIAL LTD.,1063,375.7
JYOTHYLAB,JYOTHY LABS LTD,370.45,252.1
JYOTISTRUC,JYOTI STRUCTURES LTD,19.7,8.25
KABRAEXTRU,KABRA EXTRUSION TECHNIK L,144.75,71.2
KAJARIACER,KAJARIA CERAMICS LTD,1427,610
KAKATCEM,KAKATIYA CEM SUGAR &IND L,599,100.1
KALINDEE,KALINDEE RAIL NR. (E) LTD,169.95,94.2
KALPATPOWR,KALPATARU POWER TRANS. LT,286,160
KAMATHOTEL,KAMAT HOTELS (I) LTD,75.5,28.1
KAMDHENU,KAMDHENU LIMITED,82,35.75
KANANIIND,KANANI INDUSTRIES LTD,31.9,6.15
KANORICHEM,KANORIA CHEMICALS & INDUS,92.9,48.1
KANSAINER,KANSAI NEROLAC PAINTS LTD,404.75,236
KARMAENG,KARMA ENERGY LIMITED,28.9,15
KARURVYSYA,KARUR VYSYA BANK LTD,542.6,394
KAUSHALYA,KAUSHALYA INFRA DEV LTD.,7.8,3.2
KAVVERITEL,KAVVERI TEL. LTD.,25.5,11.2
KAYA,KAYA LIMITED,1285,688
KCP,KCP LTD,115.8,58.1
KCPSUGIND,KCP SUGAR IND CORP LTD.,46,17.6
KDDL,KDDL LIMITED,297,162
KEC,KEC INTL. LIMITED,164.8,97.5
KECL,KIRLOSKAR ELECTRIC CO LTD,71.8,22.25
KEI,KEI INDUSTRIES LTD.,129,85.3
KELLTONTEC,KELLTON TECH SOL LTD,246.5,79
KESARENT,KESAR ENTERPRISES LTD.,77,19.3
KESORAMIND,KESORAM INDUSTRIES LTD,201.25,72
KGL,KARUTURI GLOBAL LIMITED,2.6,1.1
KHAITANELE,KHAITAN ELECTRICALS LTD,57,30.1
KHANDSE,KHANDWALA SECURITIES LTD,20.45,15
KICL,KALYANI INVEST CO LTD,1942.7,1015
KILITCH,KILITCH DRUGS INDIA LTD,61.2,30.65
KIRIINDUS,KIRI INDUSTRIES LIMITED,405,71.4
KIRLOSBROS,KIRLOSKAR BROTHERS LTD,204.5,112.5
KIRLOSENG,KIRLOSKAR OIL ENG LTD,369,200
KIRLOSIND,KIRLOSKAR INDUSTRIES LTD,1045,520.2
KITEX,KITEX GARMENTS LTD,864,340
KKCL,KEWAL KIRAN CLOTHING LTD,2250,1609.95
KMSUGAR,K M SUGAR MILLS LTD,25.5,2.9
KNRCON,KNR CONSTRU LTD.,820,410
KOHINOOR,KOHINOOR FOODS LIMITED,84.6,35.4
KOKUYOCMLN,KOKUYO CAMLIN LIMITED,120.95,65
KOLTEPATIL,KOLTE PATIL DEV. LTD.,182,95.5
KOPRAN,KOPRAN LTD,83,40.3
KOTARISUG,KOTHARI SUG & CHEM LTD.,22.3,6.4
KOTHARIPET,KOTHARI PETROCHEM LTD,30.8,16.2
KOTHARIPRO,KOTHARI PRODUCTS LTD,399,134.6
KPIT,KPIT TECHNOLOGIES LTD,196.85,108
KPRMILL,KPR MILL LTD.,1271.55,617
KRBL,KRBL LIMITED,305.9,169.5
KRIDHANINF,KRIDHAN INFRA LIMITED,125.5,57
KSBPUMPS,KSB PUMPS LTD,774,503
KSCL,KAVERI SEED CO. LTD.,543.6,300
KSERASERA,KSS LIMITED,0.4,0.15
KSK,KSK ENERGY VENTURES LTD,55.3,26.05
KSL,KALYANI STEELS LIMITED,413,120.5
KTIL,KESAR TER & INFRA LTD,717,221.95
KTKBANK,KARNATAKA BANK LIMITED,162.25,84.8
KWALITY,KWALITY LIMITED,159.4,78.5
L&TFH,L&T FINANCE HOLDINGS LTD,103.15,48.25
LAKPRE,LAKSHMI PRE SCRE LTD,64,28.65
LAKSHMIEFL,LAKSHMI ENG. & FOODS LTD,63.9,11
LAKSHVILAS,LAKSHMI VILAS BANK LTD,165.8,75.05
LALPATHLAB,DR. LAL PATH LABS LTD.,1276,696.5
LAMBODHARA,LAMBODHARA TEXTILES LTD.,354,87.6
LAOPALA,LA OPALA RG LIMITED,670,472.55
LAXMIMACH,LAKSHMI MACHINES LTD,4702.8,2934.5
LCCINFOTEC,LCC INFOTECH LTD,0.55,0.15
LGBBROSLTD,LG BALAKRISHNAN & BROS,652.2,392.2
LGBFORGE,LGB FORGE LIMITED,9.4,4.6
LIBERTSHOE,LIBERTY SHOES LTD,224,125
LICNFNHGP,LICNAMC - LICNFNHGP,108.5,70.97
LINCOLN,LINCOLN PHARMA LTD,305.45,127.3
LINCPEN,LINC PEN & PLASTICS LTD,303.2,154
LINDEINDIA,LINDE INDIA LIMITED,407.9,238.2
LITL,LANCO INFRATECH LTD.,7.8,3.85
LLOYDELENG,LLOYD ELECTRIC & ENGG LTD,336.6,175.1
LML,LML LTD,14.1,6.35
LOKESHMACH,LOKESH MACHINES LTD,98.5,60
LOTUSEYE,LOTUS EYE HOSPITAL LTD.,27.6,13.15
LOVABLE,LOVABLE LINGERIE LTD,293.35,208.05
LPDC,LANDMARK PR.DEV.CO.LTD,5.65,2.6
LSIL,LLOYDS STEELS IND. LTD.,2.6,0.95
LTI,L&T INFOTECH LIMITED,715,604
LTTS,L&T TECHNOLOGY SER. LTD.,931.45,823.75
LUMAXIND,LUMAX INDUSTRIES LTD,887.9,352.6
LUMAXTECH,LUMAX AUTO TECH LTD,525,265.2
LUXIND,LUX INDUSTRIES LIMITED,4148,576
LYCOS,LYCOS INTERNET LIMITED,37,7.25
LYKALABS,LYKA LABS LTD,142.9,59.2
LYPSAGEMS,LYPSA GEMS & JEWEL LTD,154.5,52.55
M&MFIN,M&M FIN. SERVICES LTD,404.9,173.1
MAANALU,MAAN ALUMINIUM LIMITED,79,25.65
MADHAV,MADHAV MARBLE & GRANITE,85.9,36
MADHUCON,MADHUCON PROJECTS LTD.,86.35,39.5
MADRASFERT,MADRAS FERTILISERS LTD,19.4,11.05
MAGMA,MAGMA FINCORP LIMITED,125.65,63.3
MAGNUM,MAGNUM VENTURES LTD.,6.05,2.3
MAHABANK,BANK OF MAHARASHTRA,37.4,26.05
MAHASTEEL,MAHAMAYA STEEL INDS LTD,504.2,128
MAHINDCIE,MAHINDRA CIE AUTO LTD,279.85,156.3
MAHLIFE,MAHINDRA LIFESPACE DEVLTD,516,414.9
MAHSCOOTER,MAHARASHTRA SCOOTERS LTD,2170,972
MAHSEAMLES,MAHARASHTRA SEAMLESS LTD,262.7,130.55
MAITHANALL,MAITHAN ALLOYS LTD,434.9,78
MAJESCO,MAJESCO LIMITED,789,323.05
MALUPAPER,MALU PAPER MILLS LIMITED,47.2,9.5
MANAKALUCO,MANAK ALUMINIUM CO. LTD.,7.05,2.5
MANAKCOAT,MAN COAT METAL & IND LTD,10.4,2.75
MANAKINDST,MANAKSIA INDUSTRIES LTD,22.7,2.65
MANAKSIA,MANAKSIA LTD.,62.4,35.5
MANAKSTEEL,MANAKSIA STEELS LTD,14.4,5.1
MANALIPETC,MANALI PETROCHEMICALS LT,47.6,20
MANAPPURAM,MANAPPURAM FINANCE LTD,105,22.15
MANDHANA,MANDHANA INDUS. LTD,344.95,30.05
MANGALAM,MANGALAM DRUG & CHEM LTD,442.4,134
MANGCHEFER,MANG.CHEM.FERT.LTD,66.65,36.4
MANGLMCEM,MANGALAM CEMENT LTD,376,147.5
MANGTIMBER,MANGALAM TIMBER PRODUCTS,39.35,10.15
MANINDS,MAN INDUSTRIES (I) LTD.,103,45.05
MANINFRA,MAN INFRA LTD,53.45,28.85
MANPASAND,MANPASAND BEVERAGES LTD.,777,370
MANUGRAPH,MANUGRAPH INDIA LIMITED,73,30.05
MARALOVER,MARAL OVERSEAS LTD,40.4,21
MARATHON,MARATHON NXTGEN REALT LTD,278,216.05
MARKSANS,MARKSANS PHARMA LIMITED,113.9,33.5
MASTEK,MASTEK LTD,211.55,104.5
MAWANASUG,MAWANA SUGARS LIMITED,71.8,10.4
MAXINDIA,MAX INDIA LIMITED,180,119.05
MAXVIL,MAX VENTURES AND INDS LTD,87.05,42.75
MAXWELL,MAXWELL INDUSTRIES LTD,74.4,29.05
MAYURUNIQ,MAYUR UNIQUOTERS LTD,480,383.9
MBECL,MCNALLY BH. ENG. CO.LTD,113.4,56
MBLINFRA,MBL INFRASTRUCTURES LTD,238,62.1
MCDHOLDING,MCDOWELL HOLDINGS LTD.,58.65,21.5
MCLEODRUSS,MCLEOD RUSSEL INDIA LTD.,219.7,129.05
MCX,MULTI COMMODITY EXCHANGE,1420,725
MEGASOFT,MEGASOFT LTD,26,4.4
MEGH,MEGHMANI ORGANICS LTD.,52.35,18.25
MELSTAR,MELSTAR INFORMATION TECH,8.25,3.6
MENONBE,MENON BEARINGS LIMITED,110,48.55
MEP,MEP INFRA. DEVELOPERS LTD,59.7,34.2
MERCATOR,MERCATOR LIMITED,54.6,16
MERCK,MERCK LIMITED,818,620
METALFORGE,METALYST FORGINGS LIMITED,102.9,40.95
METKORE,METKORE ALLOYS & IND LTD,4.85,1.7
MFSL,MAX FINANCIAL SERV LTD,628,302.8
MGL,MAHANAGAR GAS LTD.,803.25,492.65
MHRIL,MAHINDRA HOLIDAYS LTD,514,325
MIC,MIC ELECTRONICS LIMITED,28.65,12
MICROSEC,MICROSEC FIN SERV LTD,100.5,42.65
MINDACORP,MINDA CORPORATION LTD,143.3,74.15
MINDAIND,MINDA INDUSTRIES LTD.,1647,267
MINDTECK,MINDTECK (INDIA) LIMITED,106.8,71
MINDTREE,MINDTREE LIMITED,1609,463.75
MIRCELECTR,MIRC ELECTRONICS LTD,22.55,8
MIRZAINT,MIRZA INTERNATIONAL LIMIT,145,83.5
MMFL,MM FORGINGS LTD,565,369.1
MMTC,MMTC LIMITED,52.3,29.85
MOHITIND,MOHIT INDUSTRIES LTD,88.4,36.5
MOIL,MOIL LIMITED,301,179.5
MOLDTECH,MOLD-TEK TECHNOLOGIES LTD,69.25,44.45
MOLDTKPAC,MOLD-TEK PACKAGING LTD,333.5,104.2
MONNETISPA,MONNET ISPAT & ENERGY LTD,39.45,19.25
MONSANTO,MONSANTO INDIA LIMITED,2746.7,1515.65
MONTECARLO,MONTE CARLO FASHIONS LTD.,572,337.05
MORARJEE,MORARJEE TEXTILES LIMITED,70.1,30.15
MOREPENLAB,MOREPEN LAB. LTD,41.75,15.7
MOSERBAER,MOSER-BAER (I) LTD,14.55,7.25
MOTILALOFS,MOTILAL OSWAL FIN LTD,631.8,255
MPHASIS,MPHASIS LIMITED,624,404.1
MPSLTD,MPS LIMITED,910,605.05
MRF,MRF LTD,54650,30101
MRO-TEK,MRO-TEK LIMITED,88.4,24.05
MRPL,MRPL,97.45,50.7
MSPL,MSP STEEL & POWER LTD.,14.95,7.7
MTEDUCARE,MT EDUCARE LTD,200,121
MTNL,MAHANAGAR TELEPHONE NIGAM,24.45,15.3
MUKANDENGG,MUKAND ENGINEERS LIMITED,40.9,21.65
MUKANDLTD,MUKAND LTD.,71.5,27.4
MUKTAARTS,MUKTA ARTS LIMITED,132.55,35.15
MUNJALAU,MUNJAL AUTO IND. LTD.,113.8,61.8
MUNJALSHOW,MUNJAL SHOWA LTD,246.9,150
MURUDCERA,MURUDESHWAR CERAMICS LTD,40.8,17.95
MUTHOOTCAP,MUTHOOT CAP SERV LTD,245,123.6
MUTHOOTFIN,MUTHOOT FINANCE LIMITED,406.8,167.85
MVL,MVL LIMITED,0.55,0.25
MYSOREBANK,STATE BANK OF MYSORE,747,349
NAGAROIL,NAGARJUNA OIL REFINERY,9.15,3.55
NAGREEKCAP,NAGREEKA CAP & INFR.LTD,15.9,10
NAGREEKEXP,NAGREEKA EXPORTS LTD.,44.1,21.4
NAHARCAP,NAHAR CAP & FIN.,95.5,43.5
NAHARINDUS,NAHAR INDS ENT LTD,131.3,41.15
NAHARPOLY,NAHAR POLY FILMS LIMITED,68.45,26
NAHARSPING,NAHAR SPINNING MILLS LTD.,143.9,79.1
NAKODA,NAKODA LIMITED,0.55,0.15
NATCOPHARM,NATCO PHARMA LTD.,2650,390
NATHBIOGEN,NATH BIO-GENES (I) LTD,184.5,59
NATIONALUM,NATIONAL ALUMINIUM CO LTD,53.4,29.3
NAUKRI,INFO EDGE (I) LTD,1012.8,688.1
NAVINFLUOR,NAVIN FLUORINE INT. LTD,2869.85,1266.05
NAVKARCORP,NAVKAR CORPORATION LTD.,225,148.8
NAVNETEDUL,NAVNEET EDUCATION LTD,109.4,77
NBCC,NBCC (INDIA) LIMITED,1036.35,176
NBVENTURES,NAVA BHARAT VENTURES LIMI,269.6,106.5
NCC,NCC LIMITED,92.9,55.9
NCLIND,NCL INDUSTRIES LIMITED,184.5,80
NDGL,NAGA DHUNSERI GROUP LTD,811,270
NDL,NANDAN DENIM LIMITED,165.9,97
NDTV,NDTV LTD,124,62.2
NECCLTD,NORTH EAST CARRY CORP LTD,60.8,30.55
NECLIFE,NECTAR LIFESCIENCES LTD.,60.9,32
NELCAST,NELCAST LIMITED,76.6,50.65
NELCO,NELCO LTD,128.4,64.15
NESCO,NESCO LTD.,1980,1440
NESTLEIND,NESTLE INDIA LIMITED,7369,4981
NET4,NET 4 INDIA LIMITED,2.7,1.3
NETWORK18,NETWORK18 MEDIA & INV LTD,64,38.3
NEULANDLAB,NEULAND LAB LTD.,1080,491
NEXTMEDIA,NEXT MEDIAWORKS LIMITED,28,12.2
NFL,NATIONAL FERT. LTD,39.6,23.7
NH,NARAYANA HRUDAYALAYA LTD.,374,268.8
NIBL,NRB INDUS. BEARINGS LTD.,79.45,31.2
NIITLTD,NIIT LIMITED,107.95,67.4
NIITTECH,NIIT TECHNOLOGIES LTD,631,386.75
NILAINFRA,NILA INFRASTRUCTURES LTD,19.8,9.3
NILKAMAL,NILKAMAL LIMITED,1841.9,885
NIPPOBATRY,INDO-NATIONAL LIMITED,1300,725.5
NITCO,NITCO LIMITED,90.15,28.45
NITESHEST,NITESH ESTATES LTD,17.75,11
NITINFIRE,NITIN FIRE PROT IND. LTD.,51.7,22.9
NITINSPIN,NITIN SPINNERS LIMITED,86.5,48
NKIND,NK INDUSTRIES LTD,47,28
NLCINDIA,NLC INDIA LIMITED,87.85,60.05
NOCIL,NOCIL LIMITED,82.45,37.5
NOESISIND,NOESIS INDUSTRIES LIMITED,0.6,0.2
NOIDATOLL,NOIDA TOLL BRIDGE CO LTD,27.95,21.5
NORBTEAEXP,NORBEN TEA & EXPORTS LTD,9.75,5.7
NRBBEARING,NRB BEARING LIMITED,161.95,103.75
NSIL,NALWA SONS INVESTMENT LTD,859.7,551
NUCLEUS,NUCLEUS SOFTWARE EXPORTS,290.9,144.55
NUTEK,NU TEK INDIA LTD,1,0.5
OBEROIRLTY,OBEROI REALTY LIMITED,348.9,212
OCCL,ORIENTAL CARBN & CHEM LTD,763.9,374.9
OCL,OCL INDIA LTD,929.9,386
OILCOUNTUB,OIL COUNTRY TUBULAR LTD,37.8,23
OISL,OCL IRON AND STEEL LTD,16.3,7.35
OMAXAUTO,OMAX AUTOS LTD,103.45,48.55
OMAXE,OMAXE LIMITED,176.75,132.75
OMKARCHEM,OMKAR SPL CHEM LTD,249.9,137.3
OMMETALS,OM METALS INFRAPRO LTD,63.8,36.5
OMNITECH,OMNITECH INFOSOLU LTD.,4.2,2.55
ONELIFECAP,ONELIFE CAP ADVISORS LTD,83.55,22
ONMOBILE,ONMOBILE GLOBAL LTD.,140.8,90
ONWARDTEC,ONWARD TECHNOLOGIES LTD,120.9,55.25
OPTOCIRCUI,OPTO CIRCUITS (I) LTD.,18.4,8.05
ORBITCORP,ORBIT CORP. LTD.,9.5,5.1
ORBTEXP,ORBIT EXPORTS LIMITED,420,205.3
ORCHIDPHAR,ORCHID PHARMA LIMITED,67.4,32.3
ORICONENT,ORICON ENTERPRISES LTD,73.75,44.9
ORIENTABRA,ORIENT ABRASIVE LTD,58.8,27.6
ORIENTALTL,ORIENTAL TRIMEX LTD,17.05,2.3
ORIENTBANK,ORIENTAL BANK OF COMMERCE,157.5,75.15
ORIENTBELL,ORIENT BELL LIMITED,218,114.05
ORIENTCEM,ORIENT CEMENT LTD.,232,126.95
ORIENTHOT,ORIENT HOTELS LTD,31.4,19.4
ORIENTPPR,ORIENT PAPER AND INDS LTD,92.5,23.35
ORIENTREF,ORIENT REFRACTORIES LTD,117.9,70.5
ORISSAMINE,ORISSA MIN DEV CO LTD,2435,1378.8
ORTEL,ORTEL COMMUNICATIONS LTD,226,122.4
ORTINLABSS,ORTIN LABORATORIES LTD,42.2,13.8
OUDHSUG,THE OUDH SUGAR MILLS LTD,161,27.1
PAEL,PAE LIMITED,19.6,9.7
PAGEIND,PAGE INDUSTRIES LTD,16641.75,9752.35
PALREDTEC,PALRED TECHNOLOGIES LTD,133.55,58
PANACEABIO,PANACEA BIOTEC LTD,172.8,83.7
PANAMAPET,PANAMA PETROCHEM LTD,87.2,52.1
PANORAMUNI,PANORAMIC UNIVERSAL LTD,17.55,9.2
PAPERPROD,HUHTAMAKI PPL LIMITED,326.45,176
PARABDRUGS,PARABOLIC DRUGS LTD,11.05,3.45
PARACABLES,PARAMOUNT COMM LTD,5.3,1.9
PARAGMILK,PARAG MILK FOODS LTD.,357,201.75
PARRYSUGAR,PARRYS SUGAR INDUSTRIES L,72.9,16.55
PARSVNATH,PARSVNATH DEVELOPER LTD,30.15,12.9
PATELENG,PATEL ENGINEERING LTD.,120.7,43.3
PATINTLOG,PATEL INT. LOG. LTD,143.5,76
PATSPINLTD,PATSPIN INDIA LTD,14,6.65
PBAINFRA,PBA INFRASTRUCTURE LTD.,29.65,11.4
PCJEWELLER,PC JEWELLER LTD,531,295.8
PDMJEPAPER,PUDUMJEE PAPER PRO. LTD,22.55,12
PDPL,PARENTERAL DRUGS LTD,82.65,26.15
PDSMFL,PDS MULTINATIONAL FAS LTD,239.95,139.4
PDUMJEIND,PUDUMJEE INDUSTRIES LTD,25.4,8.6
PDUMJEPULP,PUDUMJEE PULP & PAPER MIL,55.95,13.45
PEARLPOLY,PEARL POLYMERS LTD,27.4,5.15
PENIND,PENNAR INDUSTRIES LTD,61,39.25
PENINLAND,PENINSULA LAND LIMITED,26.8,16
PENPEBS,PENNAR ENG BLDG SYS LTD,204.35,121.55
PERSISTENT,PERSISTENT SYSTEMS LTD,798,575
PETRONENGG,PETRON ENGG CONSTRUCT LTD,274.65,145
PETRONET,PETRONET LNG LIMITED,410.9,181.05
PFIZER,PFIZER LTD,2645,1610.1
PFOCUS,PRIME FOCUS LIMITED,81,40.2
PFS,PTC INDIA FIN SERV LTD,52.25,29.7
PGEL,PG ELECTROPLAST LTD,199.7,75.05
PGIL,PEARL GLOBAL IND LIMITED,257.25,152.05
PHILIPCARB,PHILIPS CARBON BLACK LTD,281.8,80
PHOENIXLL,PHOENIX LAMPS LIMITED,172.85,88.05
PHOENIXLTD,THE PHOENIX MILLS LTD,448.95,239.05
PIIND,PI INDUSTRIES LTD,878.95,497.55
PILITA,PIL ITALICA LIFESTYLE LTD,39.2,8
PINCON,PINCON SPIRIT LTD,164,60.05
PIONDIST,PIONEER DIST LTD,385,82.4
PIONEEREMB,PIONEER EMBROIDERIES LTD,97.9,33.05
PIRPHYTO,PIRAMAL PHYTOCARE LIMITED,140.6,47.1
PITTILAM,PITTI LAMINATIONS LTD,66.9,26.25
PKTEA,THE P K TEA PROD CO LTD,193.55,104.55
PLASTIBLEN,PLASTIBLENDS INDIA LTD,523.25,322.3
PNBGILTS,PNB GILTS LIMITED,30.85,21.6
PNC,PRITISH NANDY COMMUNICATI,30.6,12.5
PNCINFRA,PNC INFRATECH LTD.,612.65,90.45
PNEUMATIC,PNEUMATIC HOLDINGS LTD,1070,400
POCHIRAJU,POCHIRAJU IND LTD,19.35,7.05
POKARNA,POKARNA LIMITED,979.95,702.25
POLARIS,POLARIS CONSULTG & SER LT,217.5,157.55
POLYMED,POLY MEDICURE LIMITED,445,234
POLYPLEX,POLYPLEX CORPORATION LTD,375.4,197.4
PONNIERODE,PONNIE SUGARS (ERODE) LTD,357.05,130
POWERMECH,POWER MECH PROJECTS LTD.,702.2,452
PPAP,PPAP AUTOMOTIVE LIMITED,201.45,109.3
PRABHAT,PRABHAT DAIRY LIMITED,169,71
PRADIP,PRADIP OVERSEAS LTD,2.85,1.2
PRAENG,PRAJAY ENG. SYN. LTD.,12.1,5.55
PRAJIND,PRAJ INDUSTRIES LTD,105.3,70.2
PRAKASH,PRAKASH INDUSTRIES LTD,63.5,22.8
PRAKASHCON,PRAKASH CONSTROWELL LTD,21.6,1.8
PRAKASHSTL,PRAKASH STEELAGE LTD,159,1.2
PRATIBHA,PRATIBHA INDS. LTD.,51,15.55
PRECAM,PRECISION CAMSHAFTS LTD.,187.4,126.9
PRECOT,PRECOT MERIDIAN LIMITED,73.95,33.3
PRECWIRE,PRECISION WIRES INDIA LTD,187.8,69
PREMEXPLN,PREMIER EXPLOSIVES LTD,394.5,323.75
PREMIER,PREMIER LIMITED,60.9,27.25
PREMIERPOL,PREMIER POLYFILM LTD,32.2,13.8
PRESSMN,PRESSMAN ADVERTISING LTD,74.5,32
PRESTIGE,PRESTIGE ESTATE LTD,224.85,129.55
PRICOL,PRICOL LIMITED,131.95,30.05
PRIMESECU,PRIME SECURITIES LIMITED,49.1,3.05
PRISMCEM,PRISM CEMENTS LTD,118.6,55
PROVOGE,PROVOGUE (INDIA) LIMITED,9.8,2.9
PROZONINTU,PROZONE INTU PROPRTIS LTD,39.6,23.85
PSB,PUNJAB & SIND BANK,58.8,31.65
PSL,PSL LIMITED,13.3,5.7
PTC,PTC INDIA LIMITED,87.55,56.05
PTL,PTL ENTERPRISES LTD,150,67.3
PUNJABCHEM,PUNJAB CHEM & CROP PROT L,236.5,109
PUNJLLOYD,PUNJ LLOYD LIMITED,31.65,17.7
PURVA,PURAVANKARA PROJ. LTD.,66.2,41.55
PVP,PVP VENTURES LIMITED,7.2,4.05
PVR,PVR LIMITED,1334.8,645.25
QUESS,QUESS CORP LIMITED,672,452.5
QUICKHEAL,QUICK HEAL TECH LTD,330,181
RADAAN,RADAAN MEDIAWORKS (I) LTD,3,0.75
RADICO,RADICO KHAITAN LTD,150.4,83.55
RAIN,RAIN INDUSTRIES LIMITED,56.5,25.5
RAIREKMOH,R R MOHOTA SPG & WVG MILL,309.9,48.65
RAJESHEXPO,RAJESH EXPORTS LTD,744.8,421.05
RAJOIL,RAJ OIL MILLS LTD,2.4,1
RAJRAYON,RAJ RAYON INDUSTRIES LTD,0.65,0.25
RAJSREESUG,RAJSHREE SUGAR & CHEMICAL,89.45,19.3
RAJTV,RAJ TV NETWORK LTD,86.5,43.4
RALLIS,RALLIS INDIA LTD,246,142
RAMANEWS,SHREE RAMA NEWSPRINT LTD,34.75,11.75
RAMASTEEL,RAMA STEEL TUBES LIMITED,943.95,84
RAMCOCEM,THE RAMCO CEMENTS LIMITED,685,335.2
RAMCOIND,RAMCO INDUSTRIES LIMITED,288.3,79.2
RAMCOSYS,RAMCO SYSTEMS LTD.,849,435.5
RAMKY,RAMKY INFRA LTD,95.9,27.15
RANASUG,RANA SUGARS LTD.,17.55,3
RANEENGINE,RANE ENG VALVE LTD,809.4,442
RANEHOLDIN,RANE HOLDINGS LIMITED,985,482.05
RASOYPR,RASOYA PROTEINS LTD,0.35,0.15
RATNAMANI,RATNAMANI MET & TUB LTD.,675.5,396.4
RAYMOND,RAYMOND LTD,647.85,350
RBL,RANE BRAKE LINING LTD,1399,87.35
RBLBANK,RBL BANK LIMITED,335,274.2
RCF,RASHTRIYA CHEMICALS & FER,53.85,35.15
RCOM,RELIANCE COMMUNICATIONS L,91.75,42.1
RDEL,RELIANCE DEF AND ENGI LTD,113.95,52.65
RECLTD,RURAL ELEC CORP. LTD.,270.8,115.05
REDINGTON,REDINGTON (INDIA) LTD.,129.55,95.05
REFEX,REFEX INDUSTRIES LIMITED,25.25,6.3
REIAGROLTD,REI AGRO LIMITED,0.95,0.3
REISIXTEN,REI SIX TEN RETAIL LTD,0.65,0.25
RELAXO,RELAXO FOOT LTD.,548,357.65
RELCAPITAL,RELIANCE CAPITAL LTD,595.8,303.25
RELIGARE,RELIGARE ENTER. LTD.,326.7,224.5
RELINFRA,RELIANCE INFRASTRUCTU LTD,635.7,372.35
REMSONSIND,REMSONS INDUSTRIES LTD,64,32.1
RENUKA,SHREE RENUKA SUGARS LTD,19.15,9.85
REPCOHOME,REPCO HOME FINANCE LTD,899.95,551
REPRO,REPRO INDIA LIMITED,559,320.1
RESPONIND,RESPONSIVE INDUSTRIES LTD,119.8,67.1
REVATHI,REVATHI EQUIPMENT LTD,889.85,512
RICOAUTO,RICO AUTO INDUSTRIES LTD,73.45,27.8
RIIL,RELIANCE INDUSTRIAL INFRA,538.8,315.6
RJL,RENAISSANCE JEWEL. LTD.,184.25,73.2
RKDL,RAVI KUMAR DIST. LTD.,17,5
RKFORGE,RAMKRISHNA FORGINGS LTD,650,266.9
RMCL,RADHA MADHAV CO. LTD.,30.4,6.6
RML,RANE (MADRAS) LIMITED,567.95,266
ROHITFERRO,ROHIT FERRO-TECH LIMITED,8.45,3.4
ROHLTD,ROYAL ORCHID HOTELS LTD,115.4,46.05
ROLTA,ROLTA INDIA LTD,111.9,60.3
ROSSELLIND,ROSSELL INDIA LIMITED,173.65,80.1
RPGLIFE,RPG LIFE SCIENCES LTD,534.4,177.6
RPOWER,RELIANCE POWER LTD.,61.25,40.35
RPPINFRA,R.P.P INFRA PROJECTS LTD,215.95,101
RSSOFTWARE,R. S. SOFTWARE (INDIA) LI,146.85,57.5
RSWM,RSWM LIMITED,485,251.5
RSYSTEMS,R SYS INTERNATIONAL LTD,84.95,49.75
RTNINFRA,RATTANINDIA INFRA LIMITED,4.35,2.25
RTNPOWER,RATTANINDIA POWER LIMITED,13.5,7.2
RUBYMILLS,THE RUBY MILLS LTD,518.4,193
RUCHIRA,RUCHIRA PAPERS LIMITED,119.9,43.8
RUCHISOYA,RUCHI SOYA INDUSTRIES LTD,33.55,17.8
RUPA,RUPA & COMPANY LTD,404.9,229.2
RUSHIL,RUSHIL DECOR LIMITED,665.5,174.6
SABEVENTS,SAB EVENTS & GOVERNANCE,101,44.2
SABTN,SRI ADHIKARI BROS.,434,221.1
SADBHAV,SADBHAV ENGINEERING LTD,370,197.15
SADBHIN,SADBHAV INFRA PROJ LTD.,121,71.05
SAGCEM,SAGAR CEMENTS LIMITED,848.5,353.5
SAKHTISUG,SAKTHI SUGARS LTD,55.9,20
SAKSOFT,SAKSOFT LIMITED,474.4,130
SAKUMA,SAKUMA EXPORTS LIMITED,103.8,41.25
SALONA,SALONA COTSPIN LTD.,44,25.1
SALORAINTL,SALORA INTERNATIONAL LTD,66.7,38
SALSTEEL,S.A.L. STEEL LTD.,4.35,1.5
SALZERELEC,SALZER ELECTRONICS LTD,267,158.95
SAMBHAAV,SAMBHAAV MEDIA LTD,9.5,3.55
SAMTEL,SAMTEL COLOR LTD,0.95,0.4
SANDESH,SANDESH LTD,1078,650.1
SANGAMIND,SANGAM (INDIA) LTD,325,235.1
SANGHIIND,SANGHI INDUSTRIES LTD,90.9,44
SANGHVIFOR,SANGHVI FOR & ENG LTD,68.8,33.3
SANGHVIMOV,SANGHVI MOVERS LTD,380.25,225.05
SANOFI,SANOFI INDIA LIMITED,4768,3850
SANWARIA,SANWARIA AGRO OILS LTD,9.3,4.05
SARDAEN,SARDA ENERGY & MIN LTD,250,75.5
SAREGAMA,SAREGAMA INDIA LIMITED,420.8,185.1
SARLAPOLY,SARLA PERF. FIBERS LTD,596.25,48
SASKEN,SASKEN COMMU TECHNO LTD,430.9,231.15
SATHAISPAT,SATHAVAHANA ISPAT LTD,100,27.1
SATIN,SATIN CREDIT NET LTD,716,245
SBBJ,STATE BANK OF BIKANER & J,749.25,451.05
SBT,STATE BANK OF TRAVANCORE,597.9,360
SCHNEIDER,SCHNEIDER ELECTRIC INFRA,184.9,126
SCI,SHIPPING CORP OF INDIA LT,101,54.35
SDBL,SOM DIST & BREW LTD,210.9,150.05
SEAMECLTD,SEAMEC LIMITED,126,63.5
SEINV,S.E. INVESTMENTS LIMITED,320,146.5
SELAN,SELAN EXPLO. TECH LTD,261.9,149
SELMCL,SEL MANU. CO. LTD.,5.55,2.9
SEPOWER,S.E. POWER LIMITED,10.45,4.6
SEQUENT,SEQUENT SCIENTIFIC LTD.,186,106.3
SERVALL,SERVALAKSHMI PAPER LTD,4.45,3
SESHAPAPER,SESHASAYEE PAPER & BOARDS,667,191.8
SETCO,SETCO AUTOMOTIVE LTD,55.05,36.6
SEZAL,SEZAL GLASS LIMITED,12.25,4.15
SFCL,STAR FERRO & CEMENT LTD.,141.9,95.2
SGJHL,SH GANESH JEWEL HOUS(I)LT,12.9,5
SGL,STL GLOBAL LIMITED,19.65,2.55
SHAHALLOYS,SHAH ALLOYS LIMITED,14.35,4.3
SHAKTIPUMP,SHAKTI PUMPS (I) LTD,184,95.15
SHALPAINTS,SHALIM PAINTS LTD,223.5,88.7
SHANTIGEAR,SHANTHI GEARS LTD,143.4,77.35
SHARDACROP,SHARDA CROPCHEM LTD.,463,202.85
SHARDAMOTR,SHARDA MOTOR INDS LTD,1438,733.6
SHARONBIO,SHARON BIO-MEDI LTD,32.5,8.2
SHEMAROO,SHEMAROO ENTER. LTD.,374.9,221.1
SHILPAMED,SHILPA MEDICARE LTD,1020,355
SHILPI,SHILPI CABLE TECH LTD,211.3,44
SHIRPUR-G,SHIRPUR GOLD REFINERY LTD,178.9,46.3
SHIVAMAUTO,SHIVAM AUTO.LTD,74.3,39.55
SHIVTEX,SHIVA TEXYARN LIMITED,238,50.4
SHK,S H KELKAR AND CO. LTD.,354.85,200
SHOPERSTOP,SHOPPERS STOP LIMITED,424.95,333
SHREEPUSHK,SHRE PUSH CHEM & FERT LTD,186.7,71.6
SHREERAMA,SHREE RAMA MULTI TECH LTD,16.6,3.65
SHRENUJ,SHRENUJ & CO LTD,38.5,2
SHREYANIND,SHREYANS INDUSTRIES LTD,89.7,24.65
SHREYAS,SHREYAS SHIPPING & LOGIST,529,133.85
SHRIRAMCIT,SHRIRAM CITYUNI FIN.LTD.,2356,1332.25
SHRIRAMEPC,SHRIRAM EPC LTD.,38.35,19.85
SHYAMCENT,SHYAM CENTURY FERROUS LTD,9.9,4.15
SHYAMTEL,SHYAM TELECOM LIMITED,51.55,26.4
SICAGEN,SICAGEN INDIA LIMITED,26.15,14.2
SICAL,SICAL LOGISTICS LIMITED,191.75,117
SIGNET,SIGNET INDUSTRIES LIMITED,74.5,16
SILINV,SIL INVESTMENTS LIMITED,114.8,65
SIMBHALS,SIMBHAOLI SUGARS LTD.,61.45,24.5
SIMPLEX,SIMPLEX PROJECTS LTD.,45.45,20.4
SIMPLEXINF,SIMPLEX INFRASTRUCTURES L,363.05,185
SINTEX,SINTEX INDUSTRIES LTD,107.2,63.5
SITASHREE,SITA SHREE FOOD PROD LTD,16.95,8.7
SITINET,SITI NETWORKS LIMITED,41.7,30.35
SIYSIL,SIYARAM SILK MILLS LTD,1549.9,905.25
SJVN,SJVN LTD,34.4,26.25
SKFINDIA,SKF INDIA LTD,1472.4,1057.55
SKIL,SKIL INFRASTRUCTURE LTD.,46.3,17.25
SKIPPER,SKIPPER LIMITED,219.9,121.95
SKMEGGPROD,SKM EGG PROD EXPORT(I) LT,214.8,56.4
SMARTLINK,SMARTLINK NETWORK SYS LTD,111.7,70
SMLISUZU,SML ISUZU LIMITED,1452.8,638.8
SMPL,SUJANA METAL PRODUCTS LTD,4.3,2
SMSPHARMA,SMS PHARMACEUTICALS LTD.,1040.3,71.6
SNOWMAN,SNOWMAN LOGISTICS LTD.,97.7,46
SOBHA,SOBHA LIMITED,348.75,230
SOLARINDS,SOLAR INDUSTRIES (I) LTD,3750.05,588
SOMANYCERA,SOMANY CERAMICS LIMITED,659.8,320
SOMATEX,SOMA TEXTILES & INDUST LT,13.2,3.5
SOMICONVEY,SOMI CONVEYOR BELT. LTD.,54.95,31.9
SONASTEER,SONA KOYO STER SYS LTD,75,37.05
SONATSOFTW,SONATA SOFTWARE LTD,186,125.65
SOTL,SAVITA OIL TECHNOLO. LTD,745,432.6
SOUTHBANK,THE SOUTH INDIAN BANK LTD,25.5,16.35
SPAL,S. P. APPARELS LIMITED,360.8,275
SPARC,SUN PHARMA ADV.RES.CO.LTD,414.9,245.2
SPECIALITY,SPECIALITY REST LTD,156.9,80
SPENTEX,SPENTEX IND. LTD,8.2,1.3
SPHEREGSL,SPHERE GLOBAL SERVICE LTD,90,38
SPIC,SPIC LTD,27.2,16.1
SPICEMOBI,SPICE MOBILITY LIMITED,35.4,11.9
SPLIL,SPL INDUSTRIES LIMITED,44.4,15.2
SPMLINFRA,SPML INFRA LIMITED,109.85,49.2
SPYL,SHEKHAWATI POLY-YARN LTD.,2.55,1
SQSBFSI,SQS INDIA BFSI LIMITED,1291,650
SREEL,SREELEATHERS LIMITED,199,105
SREINFRA,SREI INFRASTRUCTURE FINAN,85.9,39.1
SRF,SRF LTD,1970,1023
SRHHYPOLTD,SREE RAYALSEEMA HHP LTD.,148.35,46
SRIPIPES,SRIKALAHASTHI PIPES LTD,356.45,184.1
SRSLTD,SRS LIMITED,27.05,6
SSWL,STEEL STRIPS WHEELS LTD.,778.25,282.4
STAMPEDE,STAMPEDE CAPITAL LTD,46.65,29
STAR,STRIDES SHASUN LIMITED,1414,847
STARPAPER,STAR PAPER MILLS LTD,138,27.5
STCINDIA,THE STATE TRADING CORPN,173.7,70.1
STEL,STEL HOLDINGS LIMITED,72,20.85
STERLINBIO,STERLING BIOTECH LTD,7.9,2.95
STERTOOLS,STERLING TOOLS LIMITED,1028.8,330
STINDIA,STI INDIA LTD,26.95,7.7
STOREONE,STORE ONE RETAIL IND LTD,247.4,28
STRTECH,STERLITE TECHNOLOGIES LTD,111,69.5
SUBEX,SUBEX LIMITED,16.55,8.2
SUBROS,SUBROS LIMITED,144.45,73
SUDARSCHEM,SUDARSHAN CHEMICAL INDS L,455.35,78
SUJANATWR,SUJANA TOWER LIMITED,18.65,7.25
SUJANAUNI,SUJANA UNI. INDS. LTD.,2.35,1
SUMEETINDS,SUMEET IND LIMITED,42.95,9.4
SUMMITSEC,SUMMIT SECURITIES LTD,505,219.95
SUNCLAYLTD,SUNDARAM CLAYTON LIMITED,3418.4,1755.45
SUNDARAM,SUNDARAM MULTI PAP LTD,5.4,1.65
SUNDARMFIN,SUNDARAM FINANCE LTD,1603.95,1118.6
SUNDRMBRAK,SUNDARAM BRAK LININGS LTD,569,211.15
SUNDRMFAST,SUNDRAM FASTENERS LTD,330,135
SUNFLAG,SUNFLAG IRON AND STEEL CO,41.9,18.35
SUNILHITEC,SUNIL HITECH ENGR. LTD,469,151.3
SUNTECK,SUNTECK REALTY LIMITED,288.65,172
SUNTV,SUN TV NETWORK LIMITED,566.95,314.05
SUPERHOUSE,SUPERHOUSE LIMITED,239.4,124.8
SUPERSPIN,SUPER SPINNING MILLS LTD,20.5,6.25
SUPPETRO,SUPREME PETROCHEMICALS LT,249.5,96
SUPRAJIT,SUPRAJIT ENGINEERING LTD,238,120
SUPREMEIND,SUPREME INDUSTRIES LTD,1025,520
SUPREMEINF,SUPREME INFRA. LTD.,164.5,65.1
SUPREMETEX,SUPREME TEX MART LIMITED,13.05,2.95
SURANAIND,SURANA INDUSTRIES LTD,12.95,4.7
SURANASOL,SURANA SOLAR LIMITED,39.75,15
SURANAT&P,SURANA TELECOM AND POW LT,8.9,4
SURYALAXMI,SURYALAKSHMI COT MIL LTD,165.5,87.9
SURYAROSNI,SURYA ROSHNI LTD,245,118.9
SUTLEJTEX,SUTLEJ TEXT & INDUS LTD,809,406.2
SUVEN,SUVEN LIFE SCIENCES LTD,293.75,144.3
SUZLON,SUZLON ENERGY LIMITED,25.25,12.8
SWANENERGY,SWAN ENERGY LIMITED,109,57.3
SWARAJENG,SWARAJ ENGINES LTD,1428,763.15
SWELECTES,SWELECT ENERGY SYS LTD,518,311.3
SYMPHONY,SYMPHONY LIMITED,2629.8,1071.05
SYNCOM,SYNCOM HEALTHCARE LTD,15.45,5.65
SYNDIBANK,SYNDICATE BANK,97.8,49.4
SYNGENE,SYNGENE INTERNATIONAL LTD,565,338
TAINWALCHM,TAINWALA CHEMICAL AND PLA,60,28.5
TAJGVK,TAJ GVK HOTELS & RESORTS,158.4,64.1
TAKE,TAKE SOLUTIONS LTD,209.8,121.5
TALBROAUTO,TALBROS AUTO. COMP. LTD,162.1,81.95
TALWALKARS,TALWALKAR FITNESS LTD,303,181
TANLA,TANLA SOLUTIONS LIMITED,52.65,26.05
TANTIACONS,TANTIA CONST LTD,29.8,13.55
TARAJEWELS,TARA JEWELS LIMITED,67,30.3
TARAPUR,TARAPUR TRANSFORMERS LTD,9.1,4.5
TARMAT,TARMAT LIMITED,50.5,20
TATACHEM,TATA CHEMICALS LTD,582.1,309.6
TATACOFFEE,TATA COFFEE LIMITED,150,81.3
TATACOMM,TATA COMMUNICATIONS LTD,683.9,325
TATAELXSI,TATA ELXSI LIMITED,2403,1302.5
TATAGLOBAL,TATA GLOBAL BEVERAGES LTD,157.7,100
TATAINVEST,TATA INVESTMENT CORP LTD,690,450.65
TATAMETALI,TATA METALIKS LTD,512.7,77.6
TATASPONGE,TATA SPONGE IRON LIMITED,685,337.9
TBZ,TRIB BHIMJI ZAVERI LTD,137,47.5
TCI,TRANSPORT CORPN OF INDIA,388,175.2
TCIDEVELOP,TCI DEVELOPERS LIMITED,411,262.15
TCIFINANCE,TCI FINANCE LTD,38.8,18.2
TDPOWERSYS,TD POWER SYSTEMS LTD.,330,176.6
TEAMLEASE,TEAMLEASE SERVICES LTD.,1209.45,806.65
TECHIN,TECHINDIA NIRMAN LIMITED,6.7,2.55
TECHNO,TECHNO ELT & ENG CO. LTD,723,289.15
TECHNOFAB,TECHNOFAB ENG LTD,247,136.05
TEXINFRA,TEXMACO INFRA & HOLDG LTD,47,27.55
TEXMOPIPES,TEXMO PIPE & PRODUCTS LTD,39.75,9.95
TEXRAIL,TEXMACO RAIL & ENG. LTD.,154.85,89.6
TFCILTD,TOURISM FINANCE CORP. OF,72,34.75
TFL,TRANSWARRANTY FIN. LTD.,16.25,4.55
TGBHOTELS,TGB BANQUETS&HOTELS LTD,135.5,56.3
THANGAMAYL,THANGAMAYIL JEWELLERY LTD,334.1,177.6
THEMISMED,THEMIS MEDICARE LTD.,659,249
THERMAX,THERMAX LTD,972,690
THIRUSUGAR,THIRU AROORAN SUGARS LTD,118.9,29.9
THOMASCOOK,THOMAS COOK (INDIA) LTD,228.9,165
THYROCARE,THYROCARE TECH LTD,679.85,523.2
TI,TILAKNAGAR INDUSTRIES LTD,28.6,14.4
TIDEWATER,TIDE WATER OIL LTD,33285.7,5200
TIIL,TECHNOCRAFT IND LTD,414.9,177
TIJARIA,TIJARIA POLYPIPES LTD,10.2,3.6
TIL,TIL LTD,552,214.95
TIMESGTY,TIMES GUARANTY LIMITED,28,17
TIMETECHNO,TIME TECHNOPLAST LTD.,107.95,40.2
TIMKEN,TIMKEN INDIA LTD.,640,397.05
TINPLATE,THE TINPLATE CO. (I) LTD,107.7,56.25
TIPSINDLTD,TIPS INDUSTRIES LIMITED,83.5,46.2
TIRUMALCHM,THIRUMALAI CHEMICALS LTD,676,129.8
TNPETRO,TAMILNADU PETROPRODUCTS L,32.25,16.7
TNPL,TAMILNADU NEWSPRT & PAPER,392.35,185.15
TODAYS,TODAYS WRITING INSTRUMENT,6.9,2.4
TOKYOPLAST,TOKYO PLAST INTL LTD,93.7,24.75
TORNTPOWER,TORRENT POWER LTD,252.7,159.8
TPLPLASTEH,TPL PLASTECH LIMITED,560,156
TREEHOUSE,TREE HOUSE EDU LTD,311.4,28.95
TRENT,TRENT LTD,2444,205
TRF,TRF LIMITED,468.9,217.25
TRICOM,TRICOM INDIA LIMITED,3.45,1.15
TRIDENT,TRIDENT LIMITED,63.4,37.15
TRIGYN,TRIGYN TECHNOLOGIES LTD,140.6,43.3
TRIL,TRANS & RECTI. LTD,388.25,165.05
TRITURBINE,TRIVENI TURBINE LIMITED,135.7,88.75
TRIVENI,TRIVENI ENGG. & INDS. LTD,67.95,26.1
TTKHLTCARE,TTK HEALTHCARE LIMITED,1124,805.5
TTKPRESTIG,TTK PRESTIGE LTD,5680,3950
TTL,T T LIMITED,60,38.65
TTML,TATA TELESERV(MAHARASTRA),9.4,5.4
TUBEINVEST,TUBE INVESTMENTS OF INDIA,669.7,351.1
TULSI,TULSI EXTRUSION LTD.,7,1.7
TV18BRDCST,TV18 BROADCAST LIMITED,50,30.75
TVSELECT,TVS ELECTRONICS LTD,160.45,77
TVSMOTOR,TVS MOTOR COMPANY  LTD,401.8,240.9
TVSSRICHAK,TVS SRICHAKRA LIMITED,4248,1946
TVTODAY,TV TODAY NETWORK LTD,350,229.8
TVVISION,TV VISION LIMITED,314,227.45
TWL,TITAGARH WAGONS LTD.,166.35,84
UBHOLDINGS,UNITED BREW. (HOLD.) LTD,60.5,17.7
UCALFUEL,UCAL FUEL SYSTEMS LTD,201.9,87.05
UCOBANK,UCO BANK,55.35,27.4
UFLEX,UFLEX LIMITED,324,132.5
UFO,UFO MOVIEZ INDIA LTD.,623.75,381
UGARSUGAR,THE UGAR SUGAR WORKS LTD,73.2,9.95
UJAAS,UJAAS ENERGY LIMITED,31.8,15.3
UJJIVAN,UJJIVAN FIN. SERVC. LTD.,547.5,216.65
UMANGDAIRY,UMANG DAIRIES LIMITED,87.5,47.4
UNICHEMLAB,UNICHEM LABORATORIES LTD,321.95,188.5
UNIENTER,UNIPHOS ENTERPRISES LTD,78,29.2
UNIONBANK,UNION BANK OF INDIA,177.2,104
UNIPLY,UNIPLY INDUSTRIES LIMITED,321.9,108
UNITECH,UNITECH LTD,9.05,3.45
UNITEDBNK,UNITED BANK OF INDIA,25.45,16.05
UNITEDTEA,UNITED NILGIRI TEA LTD,569,286.25
UNITY,UNITY INFRAPROJECTS LTD,17.75,8.7
UNIVCABLES,UNIVERSAL CABLES LTD,101,50.85
UPERGANGES,UPPER GANGES SUGAR & INDS,532,50.1
USHAMART,USHA MARTIN LTD.,18.45,6.7
USHERAGRO,USHER AGRO LTD,49.25,8.85
UTTAMSTL,UTTAM GALVA STEELS LTD,36.7,22.5
UTTAMSUGAR,UTTAM SUGAR MILLS LTD.,98,16.05
UVSL,UTTAM VALUE STEELS LTD,1.65,0.25
V2RETAIL,V2 RETAIL LIMITED,149.5,41.5
VADILALIND,VADILAL INDUSTRIES LTD,764.8,398
VAIBHAVGBL,VAIBHAV GLOBAL LIMITED,620,234
VAKRANGEE,VAKRANGEE LIMITED,241,104.75
VALUEIND,VALUE INDUSTRIES LIMITED,18.95,10
VARDHACRLC,VARDHAMAN ACRYLICS LTD,51.9,25.05
VARDMNPOLY,VARDHMAN POLYTEX LTD.,94.45,32.9
VASCONEQ,VASCON ENGINEERS LTD,41.25,20.55
VASWANI,VASWANI IND LTD,9.8,2.35
VENKEYS,VENKY'S (INDIA) LIMITED,577,220
VENUSREM,VENUS REMEDIES LIMITED,146.5,65.2
VESUVIUS,VESUVIUS INDIA LTD,1119,665.55
VETO,VETO SWITCHGEAR CABLE LTD,161.4,80.6
VGUARD,V-GUARD IND LTD.,1847.7,170
VHL,VARDHMAN HOLDINGS LIMITED,2258,807.7
VICEROY,VICEROY HOTELS LIMITED,28.4,13.55
VIDEOIND,VIDEOCON INDUSTRIES LIMIT,143,98.75
VIDHIDYE,VIDHI DYESTUFFS MFG LTD,74.2,46.2
VIJAYABANK,VIJAYA BANK,45.9,28.2
VIJIFIN,VIJI FINANCE LIMITED,185.8,79
VIJSHAN,VIJAY SHANTHI BUILD LTD,14.45,7.75
VIKASECO,VIKAS ECOTECH LIMITED,25.4,11
VIMALOIL,VIMAL O & F LTD,82.9,39.05
VIMTALABS,VIMTA LABS LIMITED,114.8,59.25
VINATIORGA,VINATI ORGANICS LTD,663.9,360.95
VINDHYATEL,VINDHYA TELELINKS LTD,975,541.1
VINYLINDIA,VINYL CHEMICALS (I) LTD.,81.15,40
VIPIND,VIP INDUSTRIES LTD,150.65,84.3
VIPULLTD,VIPUL LIMITED,100.7,39.3
VISAKAIND,VISAKA INDUSTRIES LIMITED,229.9,88
VISASTEEL,VISA STEEL LIMITED,21.2,12.3
VISHNU,VISHNU CHEMICALS LIMITED,472,158.05
VISUINTL,VISU INTERNATIONAL LTD,3,0.8
VIVIDHA,VISAGAR POLYTEX LTD,97.9,1.95
VIVIMEDLAB,VIVIMED LABS LIMITED,493,68
VKSPL,VKS PROJECTS LIMITED,0.2,0.05
VLSFINANCE,VLS FINANCE LTD,86.4,28.25
VMART,VMART RETAIL LTD,684.9,425
VOLTAMP,VOLTAMP TRANSFORMERS LTD,962,649.55
VOLTAS,VOLTAS LTD,406.4,211
VRLLOG,VRL LOGISTICS LIMITED,450,251.8
VSSL,VARDHMAN SPC STEEL LTD,126.9,35.5
VSTIND,VST INDUSTRIES LTD,2525,1465.05
VSTTILLERS,VST TILLERS TRACTORS LTD,2043,1281
VTL,VARDHMAN TEXTILES LIMITED,1120,680
WABAG,VA TECH WABAG LTD,769.6,408.8
WABCOINDIA,WABCO INDIA LIMITED,7355.05,5165.6
WALCHANNAG,WALCHANDNAGAR INDUSTRIES,190,116
WEBELSOLAR,WEBSOL ENERGY SYSTEM LTD,62.55,20.9
WEIZFOREX,WEIZMANN FOREX LIMITED,235,151.1
WEIZMANIND,WEIZMANN LTD,39,14.1
WELCORP,WELSPUN CORP LIMITED,119.4,69.1
WELENT,WELSPUN ENTERPRISES LTD.,72.5,42.5
WELINV,WELSPUN INV & COMM LTD,89.9,37.1
WELSPUNIND,WELSPUN INDIA LTD,1008,46.05
WENDT,WENDT (INDIA) LIMITED,2178.35,1626
WHEELS,WHEELS INDIA LTD,1419,763.5
WHIRLPOOL,WHIRLPOOL OF INDIA LTD,1197.9,555.55
WILLAMAGOR,WILLIAMSON MAGOR,89.5,50
WINDMACHIN,WINDSOR MACHINES LIMITED,54.95,28.7
WINSOME,WINSOME YARNS LIMITED,2.7,0.55
WOCKPHARMA,WOCKHARDT LIMITED,1745,705.75
WONDERLA,WONDERLA HOLIDAYS LTD.,429.85,295.2
WSI,W.S.INDUSTRIES (I) LTD.,15.3,6.55
WSTCSTPAPR,WEST COAST PAPER MILLS LT,133,52.75
XCHANGING,XCHANGING SOLUTIONS LTD,106.45,28.25
XLENERGY,XL ENERGY LIMITED,6.25,2.4
XPROINDIA,XPRO INDIA LIMITED,66.15,37.7
ZANDUREALT,ZANDU REALTY LIMITED,1698,1220.1
ZEELEARN,ZEE LEARN LIMITED,46.8,26.5
ZEEMEDIA,ZEE MEDIA CORPORATION LTD,34,17
ZENITHBIR,ZENITH BIRLA (INDIA) LTD,1,0.55
ZENITHEXPO,ZENITH EXPORTS LTD,65.05,36.7
ZENSARTECH,ZENSAR TECHNOLOGIES  LTD,1136,803
ZENTEC,ZEN TECHNOLOGIES LIMITED,134.45,58.35
ZICOM,ZICOM ELECT SEC SYS LTD,143.9,36.7
ZODIACLOTH,ZODIAC CLOTHING CO. LTD.,287.2,184.05
ZODJRDMKJ,ZODIAC JRD-MKJ LTD,52,30.5
ZUARI,ZUARI AGRO CHEMICALS LTD,262.9,117.15
ZUARIGLOB,ZUARI GLOBAL LIMITED,136,79.1
ZYDUSWELL,ZYDUS WELLNESS LIMITED,920.9,632.25
ZYLOG,ZYLOG SYSTEMS LTD.,7.25,2.55
AXISGOLD,AXIS MF - AXIS GOLD ETF,2935.4,2230
BANKBEES,GOLDMAN SACHS BANKING ETF,2097.2,1354.95
BSLGOLDETF,BIRLA SL GOLD ETF - GO,3218.4,2201.2
BSLNIFTY,BIRLA SL NIFTY ETF - GO,109,79.5
CPSEETF,GOLDMANAMC - CPSEETF,25.5,17.5
CRMFGETF,CAN ROBECO - GOLD ETF,2975,1965.9
EQ30,EDELAMC - EQ30,256.28,209
GOLDBEES,GOLDMAN SACHS GOLD ETF,2918.8,2260.55
GOLDIWIN,ICICI PRU GOLD IWIN ETF,2885,270.3
GOLDSHARE,UTI GOLD ETF,3013.45,2263
HDFCMFGETF,HDFC GOLD ETF,3157,2267
HDFCNIFETF,HDFCAMC - HDFCNIFETF,1028.9,655.5
IDBIGOLD,IDBI MF - IDBI GOLD ETF,3000.15,2326
IDFNIFTYET,IDFCAMC - IDFNIFTYET,86.91,75.02
INFRABEES,INFRA GOLDMAN SACHS ETF,307.9,225
JUNIORBEES,NIFTY JR GOLDMAN SACH ETF,244.4,168
KOTAKBKETF,KOTAKMAMC-KOTAKBKETF,209.69,136
KOTAKGOLD,KOTAK GOLD ETF,308.7,224.05
KOTAKNIFTY,KOTAK NIFTY ETF,919.1,694.1
KOTAKNV20,KOTAKMAMC - KTKNV20ETF,42.9,29.3
KOTAKPSUBK,KOTAK PSU BANK,350,193.05
LICNETFGSC,LICNAMC - LICNMFET,18.6,12.4
LIQUIDBEES,LIQUID GOLDMAN SACHS ETF,1018,950.9
M100,MOST SHARES M100 ETF,16.78,11.3
M50,MOST SHARES M50 ETF,86.5,64.75
MIDCAPIWIN,ICICI PRU MIDCAP IWIN ETF,66.5,51.13
N100,MOST SHARES N100 ETF,340.65,280.1
NIF100IWIN,ICICIPRU NIFTY100 IWINETF,112,68
NIFTYBEES,NIFTY GOLDMAN SACHS ETF,918.7,694.6
NIFTYIWIN,ICICI PRU NIFTY IWIN ETF,94.99,68.5
PSUBNKBEES,GOLDMAN SACHS PSU BNK ETF,373.34,210.71
QGOLDHALF,QUANTUM GOLD FUND,1450,1145.15
RELBANK,R SHARES BANKING ETF,2241.3,1455
RELCONS,RELCAPAMC - RELCONS,48.67,28.1
RELDIVOPP,RELCAPAMC - RELDIVOPP,23.15,14
RELGOLD,R SHARES GOLD ETF,2777.75,2200.25
RELNIFTY,RELCAPAMC - RELNIFTY,93.47,70.25
SENSEXIWIN,ICICI PRU SENSEX IWIN ETF,309,201
SETFGOLD,SBI-ETF GOLD,2920,2315
SETFNIF50,SBI-ETF NIFTY 50,94.99,68.4
SETFNIFBK,SBI-ETF NIFTY BANK,208,137
SETFNN50,SBI-ETF NIFTY NEXT 50,250,155.01
UTINIFTETF,UTIAMC - UTINIFTETF,909.7,688.5
UTISENSETF,UTIAMC - UTISENSETF,300,227.6
